112,44,23,24,28,41,79,122,108,60,127,65,36,70,1,8,4,113,117,0,50,87,32,86,126,73,5,45,40,116,11,19,26,22,138,105,91,81,15,49,96,124,27,3,103,46,115,14,57,82,94,125,6,130,135,30,98,17,34,80,55,21,110,118,75,102,83,53,90,92,2,84,63,72,131,33,29,35,38,16,39,101,139,133,137,129,74,47,99,120,76,20,69,37,89,104,62,31,42,119,52,107,114,106,48,13,12,93,78,134,51,123,121,95,54,71,56,111,136,25,43,9,97,132,18,68,88,85,128,59,77,58,64,61,67,10,7,66,109,100
127,139,15,18,49,134,11,41,104,3,63,137,84,1,106,59,120,117,61,82,27,94,44,54,7,114,129,31,43,5,108,125,99,70,76,42,111,26,88,50,118,123,115,29,131,28,60,24,23,10,103,20,95,51,91,72,12,116,128,109,46,45,136,73,81,58,4,113,2,34,40,78,75,62,89,85,65,67,37,98,110,74,53,16,69,38,87,30,55,47,22,17,80,68,64,96,8,122,132,130,6,107,35,135,48,138,14,86,52,71,119,13,83,79,25,66,0,32,33,56,90,57,21,39,101,97,102,124,126,92,112,19,133,93,100,36,9,105,121,77
113,48,71,45,63,100,27,60,29,53,35,68,88,86,43,2,13,95,135,58,109,106,47,28,51,19,65,37,8,21,14,4,66,130,89,5,78,0,70,83,26,50,64,98,22,3,52,94,137,17,23,122,39,76,7,125,41,38,116,75,72,111,97,118,1,129,57,120,105,79,40,134,82,81,114,121,115,30,127,54,69,87,10,119,73,99,128,133,36,84,74,44,80,102,131,96,16,61,90,110,18,101,46,124,112,117,93,34,11,24,15,103,49,59,55,123,67,126,12,139,138,25,132,31,20,92,62,108,32,33,9,6,91,42,136,77,85,56,104,107
113,48,96,45,72,92,137,134,50,69,30,122,88,12,114,59,78,127,47,86,74,1,98,67,106,42,52,39,23,120,77,4,65,5,27,38,75,136,99,40,87,101,11,61,66,93,89,22,132,8,7,108,102,70,94,121,109,116,57,130,34,26,135,17,119,82,129,80,13,18,49,97,2,105,112,10,76,43,95,125,46,14,25,16,41,56,128,117,131,73,139,84,33,20,64,71,100,37,118,15,35,29,85,0,110,124,24,3,9,51,36,58,104,90,55,123,138,126,54,62,28,6,79,111,103,81,115,83,60,68,32,53,91,133,19,31,63,44,21,107
113,133,86,107,134,139,132,42,37,9,121,4,45,77,20,112,122,53,60,23,76,34,54,15,127,56,114,82,100,18,105,117,90,130,25,5,78,101,16,83,26,89,64,98,22,3,52,44,124,96,94,12,33,126,116,48,13,115,71,43,67,21,110,118,75,102,80,129,99,92,2,84,63,72,131,106,29,35,38,31,39,46,119,138,88,85,24,17,14,6,120,97,57,74,109,36,136,61,108,8,123,50,135,111,69,49,10,125,128,73,59,1,32,95,62,66,81,40,7,79,68,137,58,30,47,19,91,70,51,28,104,55,41,11,103,27,93,0,87,65
113,48,56,18,80,99,62,23,29,132,78,38,102,12,106,59,120,127,88,49,27,94,44,28,107,37,129,7,65,0,30,82,72,130,46,5,108,136,89,63,52,79,69,93,85,86,42,116,8,40,53,122,125,9,39,10,87,45,81,54,51,75,26,77,83,104,100,47,121,15,114,4,6,110,74,22,76,70,95,135,24,14,25,111,139,119,128,124,58,73,66,84,33,20,131,96,1,2,67,17,50,101,115,97,112,117,98,34,64,60,41,105,16,71,137,43,3,36,123,57,138,35,91,109,13,92,126,61,134,68,21,19,55,133,90,31,32,11,103,118
26,49,123,12,127,108,93,13,115,129,71,126,80,51,107,5,75,11,65,68,14,73,36,120,50,61,37,53,46,101,30,17,83,25,76,94,86,97,23,110,16,138,112,82,96,18,66,74,39,19,133,122,47,135,113,20,1,58,114,92,22,104,105,118,136,64,28,67,99,81,72,69,55,77,134,7,60,131,48,84,91,3,56,8,15,38,88,4,21,6,43,139,57,35,125,124,121,128,106,34,44,78,29,98,24,70,10,79,137,2,87,42,117,52,111,102,119,130,45,62,85,0,100,27,103,89,109,116,32,31,132,54,90,33,9,59,40,95,41,63
112,137,74,18,124,139,15,33,60,28,84,35,110,46,69,113,95,37,82,131,34,75,93,123,71,29,73,107,89,132,70,102,115,20,8,24,108,5,101,26,23,16,135,11,32,128,41,30,103,39,116,19,134,78,127,43,122,12,25,21,120,133,31,130,119,138,66,80,99,81,62,79,57,6,68,4,55,40,121,98,111,47,117,63,1,77,100,36,129,109,59,49,48,72,27,13,2,106,114,136,3,86,51,38,65,9,52,42,92,22,97,50,104,90,88,126,61,83,45,56,58,0,87,85,118,17,67,96,7,44,94,53,91,105,125,64,54,76,14,10
113,48,131,45,73,35,95,51,50,24,137,122,80,12,70,42,111,97,135,36,63,26,125,130,5,74,15,34,8,9,27,69,68,109,132,118,72,136,139,30,53,83,100,37,133,91,99,49,87,65,85,108,102,89,22,20,129,121,115,116,25,81,94,77,11,82,47,16,88,114,17,92,71,117,28,119,107,66,98,79,86,112,18,56,14,46,1,96,6,127,110,2,123,31,0,59,44,61,90,10,78,101,76,124,19,39,93,13,64,32,3,84,120,104,55,105,67,126,43,57,138,75,58,134,103,23,33,29,60,7,4,106,41,38,21,54,40,62,52,128
113,48,29,100,49,41,26,82,117,9,137,33,103,12,106,59,120,127,61,132,27,94,44,28,107,37,129,58,101,108,114,4,126,133,96,5,75,136,90,92,30,50,69,54,85,86,34,102,8,19,109,122,79,139,39,119,3,45,115,77,67,22,47,51,110,74,18,46,53,36,23,81,24,42,55,10,62,125,95,98,56,14,138,16,21,40,83,124,91,31,99,15,1,88,71,87,111,25,64,134,89,112,52,105,35,131,0,80,11,93,32,72,84,65,43,66,123,57,17,78,135,20,7,6,130,63,76,121,60,104,38,118,70,13,68,116,2,97,73,128
127,21,83,133,10,106,110,118,31,68,14,32,30,35,42,81,33,93,47,62,113,102,131,90,116,91,17,130,5,12,6,3,49,109,108,139,48,101,59,26,125,99,2,56,7,38,94,92,82,25,78,52,72,137,13,16,85,115,58,124,74,8,114,65,50,123,41,60,19,37,107,57,11,20,120,80,4,135,67,119,86,89,15,128,132,40,39,53,117,23,29,71,121,24,129,0,95,136,77,103,54,22,105,122,98,63,79,45,66,88,36,84,111,97,55,100,44,126,43,51,138,75,69,28,1,34,70,9,134,76,112,87,46,73,61,96,64,27,104,18
26,27,21,18,127,126,112,44,35,49,48,113,45,31,28,34,13,134,128,12,117,131,114,123,25,120,103,133,104,95,110,106,8,9,4,109,86,136,23,29,132,138,32,85,139,93,130,22,50,64,66,17,20,3,124,121,107,116,118,125,46,11,47,77,119,82,78,80,36,81,41,79,40,42,83,24,76,43,37,98,56,14,73,16,69,10,70,84,39,75,71,15,129,102,38,99,19,7,92,137,30,5,89,0,115,6,96,1,57,90,63,101,135,58,122,51,2,111,68,72,55,100,87,65,88,97,62,61,94,33,60,53,91,105,67,59,54,52,108,74
113,48,0,16,38,86,109,60,112,32,18,122,130,12,90,84,120,127,135,96,54,76,125,28,137,58,114,91,8,9,42,51,23,56,98,5,121,128,20,110,139,29,11,95,66,103,101,22,87,65,124,126,10,97,138,49,27,115,3,14,50,75,7,83,102,72,71,123,81,57,25,79,19,100,4,39,129,43,107,106,17,88,41,45,69,85,33,47,119,70,82,111,46,89,35,36,64,68,118,24,30,6,132,1,34,52,104,93,136,74,67,99,2,116,37,108,13,80,62,26,94,78,131,77,15,92,105,61,134,59,21,40,117,133,53,31,63,44,73,55
113,119,123,7,136,47,132,48,133,84,127,138,130,45,71,74,120,59,95,131,39,20,18,43,111,10,46,29,32,19,2,17,92,69,128,105,52,117,108,62,58,94,25,114,75,72,12,85,23,109,103,126,55,93,91,63,5,61,44,125,97,3,121,33,115,110,79,129,99,81,68,124,60,42,137,24,104,102,37,98,31,14,49,16,87,38,34,54,53,83,50,15,73,70,116,101,80,0,30,134,35,118,40,139,65,36,78,21,1,22,11,13,106,90,107,66,96,88,77,122,27,6,26,86,57,82,41,8,89,76,112,67,135,56,100,51,9,64,28,4
127,139,15,133,100,110,93,102,18,9,72,82,39,136,105,8,130,1,115,87,106,33,92,117,97,121,58,134,119,12,123,30,4,47,34,7,21,26,88,50,118,108,19,49,131,28,60,24,57,10,103,20,42,3,91,63,5,126,128,109,46,45,54,73,81,129,99,113,2,76,40,78,75,84,89,85,65,111,37,98,31,74,53,16,69,38,95,101,61,25,22,124,80,68,64,96,59,41,125,120,6,107,114,135,48,138,112,86,52,71,43,13,83,79,70,66,0,11,94,56,90,23,67,62,132,36,122,44,116,17,14,55,77,32,29,137,51,27,35,104
113,48,0,66,38,35,27,124,50,26,30,122,80,12,39,92,102,90,19,36,63,57,125,82,54,74,114,24,8,121,100,126,23,128,51,5,115,47,37,78,132,3,44,98,95,103,17,133,134,14,55,129,106,21,31,9,42,29,117,131,61,79,13,41,118,49,22,4,138,81,116,127,40,77,120,123,75,15,45,73,71,10,86,7,112,70,85,46,28,89,69,20,109,84,130,6,1,16,137,99,18,105,72,104,97,94,25,93,11,52,62,34,136,110,83,67,135,88,64,56,58,68,87,65,111,2,107,96,32,33,60,53,91,101,76,59,119,108,139,43
127,139,50,133,44,128,32,124,47,72,82,94,62,136,105,8,130,120,115,87,106,33,29,48,137,15,135,52,119,100,123,57,53,25,34,79,67,59,11,22,117,108,0,14,41,9,60,92,88,7,103,20,132,23,91,63,5,116,70,109,114,36,35,86,81,129,99,113,2,38,40,78,56,12,43,85,65,39,17,98,31,69,4,80,49,76,66,71,26,104,74,6,110,122,131,118,16,61,90,95,18,96,46,102,112,107,93,13,64,24,3,84,111,97,10,37,42,89,19,75,54,45,21,83,101,55,30,28,121,68,51,58,125,138,73,134,1,27,126,77
113,48,135,45,31,137,27,134,50,32,30,122,138,12,79,139,131,105,83,52,103,114,117,38,81,61,133,19,55,11,14,62,126,116,98,54,28,136,89,68,132,101,9,74,66,93,20,22,26,23,4,108,102,112,94,121,109,70,115,130,34,56,47,17,119,82,24,80,6,18,49,92,40,42,77,10,76,43,72,97,46,1,73,16,21,63,128,125,123,75,33,15,86,53,78,71,100,37,118,87,35,39,85,0,110,124,129,3,120,2,36,58,104,90,107,57,5,111,41,25,29,95,51,65,88,106,64,96,13,7,60,99,91,127,67,59,84,44,69,8
113,48,0,40,79,125,112,26,50,5,76,74,87,12,7,1,120,127,15,60,65,4,44,108,107,18,37,30,41,136,95,126,23,119,106,52,69,25,46,27,132,19,82,47,131,84,135,100,22,88,133,122,49,3,17,75,105,116,115,20,51,61,92,77,138,6,57,53,72,85,81,39,96,68,42,11,99,111,139,16,134,55,86,103,43,29,118,80,36,54,129,98,114,101,35,124,121,13,73,34,45,78,66,89,24,130,10,90,28,2,137,123,117,110,33,93,91,70,97,62,67,58,14,104,32,63,56,71,59,83,102,31,94,64,8,109,38,9,21,128
113,126,50,28,124,45,108,2,116,47,18,24,58,31,12,27,49,76,41,125,16,19,95,84,39,22,98,70,80,63,134,4,111,23,91,69,10,35,6,7,104,82,14,17,101,92,66,119,128,127,73,85,36,112,1,131,64,21,115,78,89,33,57,75,77,20,139,13,65,123,62,96,15,79,0,132,61,88,11,129,29,55,40,138,114,109,72,68,44,71,136,86,8,121,25,107,38,135,83,93,103,120,60,5,100,133,94,34,52,37,102,53,87,42,118,74,122,106,3,56,97,137,105,117,30,130,26,32,43,81,46,9,51,99,67,54,59,110,90,48
113,133,86,107,134,139,102,42,37,18,121,117,45,77,20,31,122,8,60,94,26,29,54,15,40,74,1,21,41,9,14,4,23,85,6,5,25,136,112,68,132,76,11,62,120,103,53,52,32,88,44,12,33,126,116,48,13,115,71,43,129,90,73,55,81,80,69,67,105,34,98,83,127,56,108,119,92,59,16,49,111,46,106,138,96,38,24,17,64,50,35,97,57,101,109,36,72,61,131,82,123,89,2,39,78,130,10,125,128,110,114,22,124,95,135,66,75,63,7,79,47,137,58,30,84,19,91,70,51,28,104,118,3,99,100,27,93,0,87,65
113,48,40,16,133,86,109,60,112,32,18,122,130,12,90,84,120,127,135,96,54,76,125,28,137,58,114,91,8,9,42,51,23,56,98,5,121,128,20,110,139,29,11,95,66,103,101,22,87,65,124,126,10,97,138,49,27,115,3,14,50,75,7,83,102,72,71,123,81,57,25,79,19,100,4,39,129,43,107,106,17,88,41,45,21,61,59,47,119,70,117,111,46,89,35,36,64,68,118,24,30,6,132,1,34,52,104,93,136,74,67,99,2,116,37,108,13,80,134,26,94,78,131,77,15,92,105,85,62,33,69,53,82,38,0,31,63,44,73,55
127,139,112,133,29,110,32,102,77,100,72,95,62,136,105,8,130,1,115,87,106,33,17,117,137,35,41,134,119,12,123,132,4,25,34,7,67,19,88,50,118,108,61,49,131,9,60,92,23,10,103,20,42,3,91,63,5,116,128,109,46,45,18,73,81,129,99,113,2,76,40,78,75,84,89,85,65,111,37,98,31,74,53,16,69,38,82,30,55,47,22,44,80,68,64,96,59,122,125,120,6,107,114,135,48,93,14,86,52,71,43,13,83,79,70,66,36,11,94,56,90,57,21,39,101,97,58,24,121,124,15,26,54,138,51,0,28,27,126,104
113,48,27,10,40,104,126,134,61,19,114,5,82,28,43,18,120,127,34,12,117,131,85,52,25,138,103,100,89,66,70,83,8,135,4,32,37,136,11,71,107,108,6,76,9,16,42,84,50,7,65,80,54,21,94,121,73,116,53,41,46,68,112,91,75,102,78,105,132,92,2,1,63,72,17,106,29,35,38,33,39,101,139,133,31,99,14,30,90,93,22,118,129,81,64,96,59,36,115,23,74,44,77,119,110,123,111,109,69,79,124,130,15,86,55,56,3,98,13,62,67,0,97,24,26,47,45,88,60,20,51,87,95,58,137,128,125,49,57,122
113,48,0,45,38,81,27,60,50,32,30,122,88,12,79,99,120,6,135,129,54,76,125,28,137,24,114,91,8,9,100,4,23,56,106,5,25,128,20,110,139,29,11,95,66,93,101,22,87,68,124,123,10,104,94,121,109,116,115,130,34,46,47,51,119,82,64,126,86,35,49,118,3,42,83,89,75,21,108,98,58,14,73,16,69,85,71,7,72,70,132,2,36,102,131,96,136,65,90,74,18,127,39,33,112,117,67,103,1,17,40,84,13,97,55,37,111,80,62,26,138,78,57,77,15,92,105,61,134,59,43,19,52,133,53,31,63,44,41,107
113,48,0,45,83,81,27,134,50,60,139,122,13,12,79,128,124,127,135,36,54,70,125,28,118,74,15,52,8,16,100,4,23,123,106,63,25,136,89,68,132,29,11,98,66,93,99,22,26,126,7,108,102,104,94,121,109,116,115,130,34,56,47,51,75,82,129,80,6,35,49,92,40,42,77,10,76,43,95,61,58,137,119,9,1,2,24,84,53,138,30,19,112,107,31,64,57,105,55,17,18,101,72,71,33,117,86,103,133,87,114,3,110,90,20,85,120,111,73,38,39,21,46,65,88,97,37,62,41,96,32,78,91,131,67,59,5,44,69,14
113,48,133,115,105,35,88,135,73,18,121,6,34,44,20,2,122,17,9,112,26,29,45,59,77,37,61,64,25,5,107,90,15,116,85,118,123,127,78,30,96,101,28,103,93,21,130,91,55,92,104,102,39,136,82,22,138,3,117,12,125,137,51,8,36,31,52,63,131,81,41,79,40,42,83,114,76,65,132,98,72,14,47,16,69,56,53,124,58,75,7,13,19,99,106,50,100,0,80,24,95,38,10,74,11,84,66,23,49,71,139,60,111,97,67,46,87,126,43,57,108,70,68,109,120,54,62,119,134,1,86,33,32,89,4,27,94,110,129,128
113,48,117,18,49,99,126,134,90,32,11,42,110,12,43,85,120,127,63,14,5,91,112,37,80,114,19,84,125,92,95,4,23,107,122,30,138,136,89,57,121,50,6,10,1,72,15,98,124,108,128,70,45,2,131,20,3,105,28,41,137,115,46,77,118,111,75,67,51,94,78,16,55,102,79,62,58,106,100,130,82,104,73,36,29,53,109,88,68,47,93,40,74,13,56,132,59,83,96,26,103,76,27,0,35,71,101,21,135,81,9,86,34,65,119,66,123,129,17,54,33,24,7,69,31,61,44,8,60,87,38,25,64,52,39,116,139,97,22,133
113,48,65,131,47,13,126,134,76,84,114,25,46,12,43,59,97,127,58,28,27,24,71,64,72,68,98,93,132,79,69,4,33,122,91,5,121,14,89,77,104,15,1,17,101,53,138,130,38,102,52,85,118,112,103,20,35,21,115,78,99,81,57,124,108,125,133,80,37,123,62,92,36,90,0,83,61,88,105,129,29,55,86,31,23,109,40,22,39,95,136,106,116,10,94,107,128,135,44,100,74,120,60,75,110,42,139,7,8,32,11,96,50,117,87,66,73,6,3,56,82,111,45,70,16,41,51,19,30,63,26,18,137,34,67,54,2,49,119,9
113,133,86,32,38,28,138,79,67,18,25,54,82,105,44,2,122,96,65,125,26,19,81,59,97,90,8,46,83,102,116,101,21,6,43,29,80,70,100,98,1,128,139,118,126,136,36,49,84,124,60,95,64,3,112,22,27,61,117,92,7,108,87,55,110,130,50,77,137,35,11,39,131,24,72,56,9,104,103,0,91,14,73,88,53,129,23,89,99,120,76,20,69,37,30,12,75,31,42,58,63,107,114,106,48,13,17,93,78,134,51,123,121,5,33,111,10,71,47,4,45,119,127,85,132,52,41,40,34,57,109,16,68,115,135,15,66,74,62,94
113,48,64,18,49,34,126,23,76,88,80,43,65,12,98,37,54,127,112,117,47,44,27,123,91,85,108,100,59,21,95,4,134,133,87,0,138,136,74,132,52,50,90,51,111,86,135,31,124,62,109,122,125,139,41,105,3,58,118,116,72,8,46,77,33,26,114,24,13,36,83,82,119,35,110,40,78,42,128,106,17,130,73,16,69,10,9,84,39,75,71,79,129,102,38,99,19,7,92,137,30,29,89,5,15,6,96,1,57,70,120,53,22,2,104,66,63,67,131,94,68,55,101,115,20,25,61,32,60,56,11,28,14,81,121,45,93,97,103,107
26,27,21,18,127,126,112,118,11,49,6,113,45,31,28,34,137,134,70,12,71,56,30,39,43,66,103,1,38,54,61,41,8,9,4,109,86,79,23,48,132,32,93,135,139,68,42,84,98,50,128,19,53,133,94,121,122,78,115,125,46,102,75,37,119,82,57,129,99,81,2,72,63,130,106,24,29,51,60,114,136,47,124,92,69,116,74,22,123,14,80,15,100,20,131,117,33,77,64,35,89,76,85,0,110,73,10,3,120,17,36,58,104,90,107,97,5,88,13,25,101,95,87,65,111,83,44,96,138,7,16,62,91,105,67,59,108,52,55,40
113,119,123,29,42,118,17,4,15,129,83,106,25,12,105,31,82,16,60,125,5,54,13,59,102,22,80,127,78,48,2,58,92,85,27,108,26,68,101,77,132,8,71,136,65,52,135,94,91,47,133,109,3,50,116,24,131,90,121,93,99,89,51,114,45,38,37,30,72,81,62,128,11,40,117,7,130,86,10,32,39,49,98,19,14,104,107,53,120,76,115,124,33,103,35,96,64,110,137,20,18,6,139,122,36,63,67,88,66,41,44,84,111,97,55,100,87,126,43,57,138,75,69,28,1,34,70,9,134,79,112,95,46,73,61,0,21,56,74,23
113,133,86,32,88,63,105,72,75,36,121,50,137,97,20,2,122,53,60,125,26,111,58,59,25,120,103,100,116,95,65,104,8,0,37,48,80,127,129,30,83,134,131,61,78,81,130,106,55,124,64,102,23,7,82,22,27,46,117,12,29,107,51,24,138,44,56,123,99,136,67,17,9,112,139,19,11,43,91,89,33,1,73,77,93,31,126,69,98,21,101,13,128,96,49,35,42,76,28,5,38,79,14,84,18,70,118,6,54,87,114,3,110,90,39,92,10,71,47,4,45,119,66,85,132,52,41,40,34,57,109,16,68,115,135,15,108,74,62,94
113,48,21,53,22,45,56,13,128,59,3,15,88,12,7,106,120,11,92,4,127,70,101,32,58,40,34,6,90,9,95,10,23,129,107,126,123,136,112,82,132,50,37,93,138,18,68,135,102,63,133,2,99,139,19,20,103,30,38,51,57,14,35,108,16,130,47,64,27,39,86,60,26,54,65,83,74,0,17,119,25,89,110,76,94,85,36,49,55,105,29,114,69,118,121,115,62,31,44,79,41,131,122,5,125,84,1,134,81,43,98,87,42,137,78,77,8,71,73,96,109,80,24,116,124,97,111,61,28,33,46,117,91,104,67,100,66,75,52,72
113,48,40,45,73,35,100,134,29,32,96,129,62,12,42,6,120,104,82,36,102,70,115,28,118,74,119,16,8,9,95,126,69,138,26,41,59,136,89,38,132,46,114,105,7,34,68,130,67,19,56,122,43,18,52,14,75,60,125,116,72,81,109,77,11,135,127,91,83,103,17,92,71,117,131,15,107,66,98,79,86,112,139,133,1,53,20,30,90,47,5,51,80,94,31,25,44,61,123,10,58,101,76,124,65,39,93,57,0,24,3,2,111,97,55,37,87,4,99,13,85,21,78,84,27,63,106,88,121,64,23,50,110,137,108,49,54,33,22,128
113,48,20,49,138,117,72,60,58,32,30,125,77,12,109,2,120,97,54,8,100,18,116,98,28,122,119,3,13,56,95,4,89,25,101,5,70,136,102,43,29,50,126,130,139,31,103,46,71,19,35,112,121,82,38,51,14,21,115,78,99,81,57,124,96,108,133,80,37,123,62,92,104,90,0,83,40,88,105,55,61,36,86,129,23,53,107,106,68,47,93,41,74,75,127,132,59,9,17,24,84,69,135,76,110,79,10,22,52,118,11,67,7,42,94,66,73,6,87,85,16,45,26,114,15,39,33,34,27,91,111,134,1,137,64,131,63,44,65,128
26,27,21,18,127,126,112,44,94,49,6,113,45,31,28,34,137,134,77,12,117,56,102,39,43,66,103,1,89,54,92,2,8,9,4,109,86,136,23,48,132,32,93,135,139,68,130,84,114,50,128,19,20,133,11,121,122,116,115,125,46,30,47,70,119,82,97,80,62,81,41,79,40,42,83,10,76,38,16,98,72,14,73,61,69,131,74,22,123,75,33,15,129,53,78,71,100,37,118,51,35,29,85,0,110,124,24,3,120,17,36,58,104,90,107,57,5,88,13,25,101,95,87,65,111,106,64,96,138,7,60,99,91,105,67,59,108,52,55,63
113,48,0,66,38,35,27,6,50,7,30,122,80,12,39,2,110,90,135,18,92,117,125,82,34,102,72,91,8,121,100,4,23,128,106,5,25,136,37,68,132,3,11,115,95,93,17,133,32,14,55,44,51,124,123,9,101,29,76,131,61,79,47,41,118,64,105,88,26,81,116,127,40,77,13,59,75,15,45,73,71,33,86,83,112,78,85,94,28,89,69,20,103,84,130,96,1,16,137,99,36,65,114,53,74,56,24,42,49,98,129,60,111,97,67,46,87,126,139,57,108,70,58,109,120,54,62,119,134,10,21,19,52,22,104,31,63,138,43,107
113,48,51,49,93,81,135,118,8,32,9,108,88,12,109,90,17,127,125,123,54,117,20,28,114,45,74,131,110,56,122,4,89,38,106,5,58,136,23,134,86,75,94,98,43,67,132,97,66,102,100,14,29,52,0,121,82,116,24,130,37,7,3,124,27,71,133,69,70,76,62,41,35,2,111,83,42,19,112,33,30,77,53,21,119,104,57,72,61,25,103,137,46,92,73,96,59,95,47,120,6,107,84,129,40,65,10,16,1,115,31,101,60,15,91,11,68,126,22,85,138,78,26,55,79,50,139,34,18,105,39,87,36,99,13,80,63,44,64,128
113,48,110,138,1,82,43,23,29,32,73,67,102,12,106,59,115,51,72,36,46,94,131,28,120,37,129,33,114,4,95,132,134,133,70,81,137,8,90,111,83,121,89,57,66,75,20,22,79,97,139,108,117,6,105,112,109,116,93,130,34,27,127,47,45,7,86,3,18,107,49,103,40,42,13,10,76,119,96,104,31,14,53,87,69,38,74,54,16,77,50,15,128,124,41,101,19,0,30,55,35,118,88,52,64,92,78,21,44,5,9,135,61,65,11,85,125,98,126,62,84,80,99,56,26,91,58,122,60,71,24,25,123,63,68,136,2,100,39,17
112,44,81,13,74,41,79,105,98,60,127,120,137,70,1,135,63,19,37,48,57,87,32,66,40,103,0,45,138,9,95,69,7,59,23,5,8,136,38,26,80,91,134,51,82,86,68,130,67,83,46,122,99,139,22,20,108,121,125,116,72,21,47,118,75,102,36,6,109,92,2,84,55,4,131,50,29,35,15,31,39,101,43,133,14,73,61,30,53,93,18,90,24,111,96,76,12,117,62,126,64,28,132,128,34,52,3,113,104,124,65,123,10,11,54,71,56,49,42,25,107,114,97,119,78,88,115,85,58,17,77,33,16,89,106,27,94,110,129,100
113,48,35,3,93,20,135,60,130,129,30,108,69,12,109,101,111,62,47,82,54,117,127,28,114,107,119,118,110,56,95,4,38,10,106,5,134,136,23,104,87,92,90,19,43,115,67,73,32,14,55,44,51,66,6,94,65,105,76,131,61,79,7,121,41,49,22,36,58,81,8,116,40,77,120,39,75,15,45,124,71,33,86,31,112,70,85,46,138,89,88,29,0,42,27,137,91,57,9,17,18,97,72,133,132,125,25,103,80,24,37,84,74,52,96,11,68,126,100,122,16,78,26,2,98,50,139,34,123,59,21,53,1,99,13,83,63,102,64,128
127,21,83,45,63,100,27,60,39,47,35,33,88,22,43,2,124,95,130,58,117,102,131,69,64,132,17,113,9,12,6,75,49,109,77,139,133,48,59,26,29,36,81,76,99,71,122,92,82,25,112,30,55,1,13,120,5,70,44,125,97,3,42,52,115,110,126,128,108,72,107,51,103,85,114,20,4,135,79,119,86,89,38,93,46,40,74,136,96,73,7,15,19,101,106,50,116,8,10,23,11,104,16,54,41,84,31,87,134,138,98,80,137,0,129,66,28,94,90,56,78,57,37,24,105,123,61,32,118,62,68,53,91,65,67,121,14,34,111,18
127,139,112,133,29,110,32,102,73,100,72,95,2,136,105,8,130,1,115,87,106,33,17,117,137,35,41,134,119,12,123,132,4,25,34,7,67,19,88,50,118,108,61,49,131,9,60,92,23,10,103,20,42,3,18,45,5,116,128,58,51,63,91,77,138,6,57,53,62,76,40,78,75,84,89,85,65,111,37,98,31,74,113,16,69,38,82,30,55,47,22,44,80,68,64,96,59,122,125,120,129,107,114,135,48,93,14,86,52,71,43,13,83,79,70,66,36,11,94,56,90,99,21,39,101,97,109,24,121,124,15,26,54,81,46,0,28,27,126,104
113,48,0,66,38,35,27,60,3,87,30,44,80,12,106,2,110,49,61,36,131,56,51,4,40,37,129,91,101,55,105,1,134,133,123,5,138,136,89,92,52,65,69,93,85,86,34,31,124,19,71,122,125,9,39,10,50,45,81,127,135,75,26,76,83,90,95,33,20,77,115,54,107,41,120,59,79,15,29,73,121,88,98,118,112,70,100,46,28,74,11,58,109,84,130,96,82,16,137,99,18,8,72,104,102,117,116,103,64,24,43,6,47,97,7,94,67,126,114,57,25,78,111,42,13,68,62,17,23,32,21,14,132,22,53,128,63,108,139,119
113,48,83,134,115,13,27,47,31,4,135,87,88,12,103,132,14,126,45,92,137,76,9,49,74,109,24,52,8,59,93,40,17,85,72,5,78,101,99,108,26,50,64,114,7,131,130,66,42,75,23,122,39,46,22,125,84,120,19,82,6,111,97,94,1,96,117,10,105,79,33,128,3,81,124,44,104,30,127,34,69,133,106,37,73,89,118,51,36,15,129,91,102,136,38,25,100,29,110,55,11,35,16,54,41,77,21,65,2,138,71,80,63,0,43,18,28,95,90,56,58,57,119,70,107,123,61,32,60,62,112,53,98,20,67,121,116,68,86,139
113,48,51,49,93,81,135,60,130,32,30,108,88,12,109,101,120,62,47,82,54,117,116,28,114,107,119,41,110,56,95,4,89,10,106,5,70,136,23,104,86,92,46,19,43,115,40,112,129,102,133,14,35,73,123,0,27,20,67,8,80,52,125,118,121,3,100,69,58,29,127,131,76,2,111,83,42,98,97,66,9,55,87,39,124,134,122,90,36,38,138,105,94,75,65,137,91,57,71,17,18,45,72,33,132,7,25,103,61,24,37,84,74,79,96,11,68,126,22,85,16,78,26,77,15,50,139,34,6,59,21,53,1,99,13,31,63,44,64,128
112,44,81,13,74,41,79,105,98,60,136,120,137,70,1,135,63,19,37,48,57,87,32,66,40,51,0,64,92,5,107,69,39,116,76,68,80,127,78,30,83,96,100,103,93,21,130,8,55,9,46,122,99,139,22,20,108,121,125,59,72,86,47,118,75,102,36,6,109,138,2,84,67,4,131,50,29,35,15,31,7,101,43,133,14,73,61,26,53,82,18,90,24,111,91,23,12,117,62,126,45,28,132,128,34,52,3,113,104,124,65,123,10,11,54,71,56,49,42,25,95,114,97,119,38,88,115,85,58,17,77,33,16,89,106,27,94,110,129,134
113,48,110,18,49,7,40,23,29,32,80,6,102,12,106,59,76,77,72,36,139,94,131,28,118,37,129,33,101,30,95,132,134,133,130,81,10,8,90,3,83,50,82,98,85,115,16,31,135,19,46,88,125,67,45,20,92,22,75,70,55,79,51,127,43,89,97,111,138,121,86,137,119,117,11,103,93,105,114,104,123,116,73,58,63,24,107,136,87,47,35,27,17,13,69,96,1,52,4,26,74,120,108,0,64,109,78,21,44,5,9,15,61,65,124,66,42,57,126,62,84,53,99,56,34,91,112,122,60,71,38,25,14,41,68,54,2,100,39,128
113,48,0,66,18,35,137,60,50,1,30,20,80,12,39,2,110,90,135,36,78,9,73,82,119,74,114,53,8,121,100,126,23,128,106,99,25,136,45,138,132,3,11,98,85,46,17,15,32,72,102,43,51,124,6,130,65,29,76,96,61,79,54,41,118,101,22,88,58,81,116,91,69,77,120,112,83,89,37,86,21,133,125,109,57,62,95,93,117,47,40,115,31,13,16,131,26,4,42,5,97,104,14,49,38,33,122,123,108,10,44,105,68,55,27,56,127,94,7,75,28,92,87,111,103,63,70,34,134,24,71,19,52,84,67,59,129,64,139,107
127,21,83,48,39,85,1,118,119,87,8,88,14,108,42,120,134,27,19,45,117,123,43,20,28,68,103,100,5,12,30,4,49,90,121,139,96,130,24,26,106,81,46,76,97,65,35,92,82,25,112,62,70,137,11,125,9,133,95,124,126,17,122,40,129,69,15,75,61,132,2,93,55,36,34,38,47,131,37,98,44,94,73,86,57,53,107,6,109,60,22,41,80,29,113,138,59,64,135,74,99,72,114,101,110,0,10,16,52,71,102,13,50,51,33,104,91,79,54,128,23,18,56,66,84,89,31,63,116,136,78,105,77,32,67,7,3,115,111,58
113,119,69,115,42,118,17,4,15,110,83,106,66,12,138,31,82,88,57,125,5,18,13,59,60,6,35,127,78,48,2,58,92,85,44,108,26,68,101,137,132,8,90,136,65,52,135,94,91,47,133,63,3,41,116,20,131,126,33,93,99,89,55,114,45,75,37,84,72,81,62,128,11,40,120,25,130,86,100,32,39,49,97,19,14,104,107,53,117,79,29,71,121,24,129,0,95,51,67,103,54,102,105,122,36,30,77,16,43,50,27,109,10,38,87,22,80,139,7,111,23,123,98,28,1,34,70,9,134,76,112,64,46,73,61,96,21,56,74,124
113,48,117,18,31,41,126,134,50,32,6,79,125,12,124,59,120,127,61,64,27,70,44,28,107,77,114,86,101,122,26,4,23,7,106,5,25,136,89,68,71,29,11,37,133,91,99,49,87,65,85,108,102,104,81,137,109,116,83,45,34,39,47,51,69,82,129,80,10,135,22,90,103,42,110,36,3,43,100,98,33,94,75,16,35,56,9,8,58,119,40,84,46,121,131,96,1,115,132,95,74,76,30,0,111,52,105,21,20,93,118,72,15,19,55,66,123,57,17,62,67,53,78,24,130,63,112,88,60,139,38,138,14,13,92,54,2,97,73,128
112,26,113,27,126,49,73,25,21,18,127,0,82,129,19,34,134,70,31,123,114,118,125,48,137,6,64,92,29,12,78,23,89,5,38,1,67,59,76,108,50,106,61,54,14,10,42,15,11,28,55,71,117,128,39,130,135,7,115,87,99,81,66,124,136,111,57,80,102,122,103,139,4,77,110,63,3,43,100,98,33,94,75,36,35,56,9,8,58,119,40,84,46,121,131,17,97,13,69,85,74,83,101,109,44,20,52,51,79,22,65,68,104,90,107,133,24,45,16,95,47,32,116,86,93,2,62,37,60,120,41,53,91,105,138,96,88,132,30,72
113,48,86,45,114,36,81,128,74,28,50,6,98,117,15,88,38,12,97,23,60,93,123,111,71,44,61,89,92,137,107,127,18,67,4,77,56,122,106,5,132,138,84,29,55,133,104,17,124,22,42,66,69,37,118,121,109,116,57,94,31,39,47,51,119,82,129,80,3,35,49,90,59,105,110,10,76,43,95,34,46,14,75,16,41,11,101,30,72,83,103,126,78,99,64,96,63,1,125,0,68,13,27,9,73,91,32,136,19,33,26,24,7,53,52,139,102,79,70,25,120,130,2,85,62,87,8,131,135,115,20,21,40,65,58,100,54,108,112,134
113,48,40,18,115,81,27,51,31,104,30,122,88,12,22,26,111,97,45,36,8,1,125,72,118,136,13,64,10,121,137,127,39,5,4,75,56,78,49,9,94,109,128,98,43,70,99,52,112,116,55,87,21,71,103,68,77,29,85,131,34,14,126,134,76,82,24,93,107,83,124,132,96,117,42,65,130,135,79,119,86,47,38,6,46,95,74,133,92,114,7,15,102,101,106,50,100,120,110,23,11,35,16,54,41,84,17,44,2,138,73,80,63,0,129,66,28,89,90,25,58,57,37,3,105,123,61,32,60,62,33,53,91,20,67,59,19,108,69,139
113,48,0,45,114,35,27,134,7,32,30,110,130,12,99,21,120,127,135,36,72,107,125,28,67,66,103,1,8,85,92,78,89,54,65,5,59,136,23,95,133,15,4,83,86,11,121,81,116,122,41,91,33,3,108,42,87,52,115,118,137,39,47,77,29,82,57,119,20,79,2,31,63,88,106,24,76,43,37,98,90,14,73,16,69,10,70,74,56,75,84,96,129,13,64,6,80,61,34,44,18,101,46,124,112,117,93,102,131,17,139,71,111,97,55,100,22,126,105,109,138,104,58,51,19,25,26,123,60,94,49,53,132,38,50,9,40,62,68,128
113,48,117,18,49,99,126,23,29,32,11,42,102,12,106,59,120,127,61,64,27,94,44,28,107,37,129,91,101,108,95,4,134,133,87,5,138,136,89,92,52,50,69,98,85,86,34,31,124,19,109,122,125,139,39,10,3,45,81,54,135,75,46,77,80,90,100,33,20,41,115,131,119,110,43,40,78,79,114,51,6,70,22,58,111,24,118,8,16,103,36,84,47,121,82,96,1,83,132,26,74,76,30,0,35,71,105,21,137,93,9,72,15,65,55,66,123,57,17,62,67,53,7,56,130,63,112,88,60,104,38,25,14,13,68,116,2,97,73,128
127,139,112,133,66,110,32,102,47,13,72,94,62,136,105,8,130,71,115,87,106,33,17,48,137,6,64,52,119,12,123,57,4,25,34,79,67,59,11,22,107,108,61,49,131,9,60,92,23,10,103,20,42,3,91,63,5,116,70,109,46,45,18,86,81,129,99,113,2,76,40,78,56,84,89,85,65,111,37,98,31,14,53,16,69,38,74,54,58,77,50,15,128,124,41,101,19,0,30,55,35,118,114,122,117,44,82,73,134,1,88,100,39,7,80,29,132,43,95,75,120,36,21,83,96,97,90,24,121,68,51,26,125,138,93,135,28,27,126,104
113,48,127,128,115,81,27,51,31,104,30,122,88,12,22,26,111,97,45,36,137,1,125,49,118,109,24,52,8,59,10,40,17,85,130,5,25,136,72,68,132,78,18,98,43,70,99,64,112,116,55,87,21,71,103,9,77,29,75,131,34,14,126,134,76,82,13,93,107,83,124,94,96,117,42,65,4,135,79,119,86,47,38,6,46,95,74,133,92,114,7,15,102,101,106,50,100,120,110,23,11,35,16,54,41,84,39,44,2,138,73,80,63,0,129,66,28,89,90,56,58,57,37,3,105,123,61,32,60,62,33,53,91,20,67,121,19,108,69,139
112,44,3,13,30,41,79,122,108,60,127,120,90,70,1,135,63,113,37,48,57,87,32,66,24,62,0,45,138,132,95,69,7,59,23,5,111,136,93,26,126,91,86,51,82,134,88,130,50,81,109,105,94,52,8,18,98,12,34,119,4,21,96,125,75,102,89,129,99,92,2,84,55,72,131,106,29,35,15,31,39,101,139,133,20,73,110,28,36,38,16,137,40,117,47,17,123,22,103,80,14,74,9,33,118,107,104,19,83,49,65,27,10,11,54,71,56,124,42,25,43,114,97,116,78,68,115,85,128,76,77,58,64,61,67,121,46,53,6,100
113,48,45,37,28,34,3,90,139,10,52,78,35,12,87,59,108,65,124,31,63,70,122,89,20,88,86,91,51,121,4,114,46,69,19,5,26,136,105,67,132,58,11,111,43,133,135,80,101,39,107,125,41,64,54,6,30,94,75,131,99,56,0,134,126,27,13,93,110,83,22,123,96,129,42,50,16,29,32,76,40,109,2,24,102,9,55,112,1,73,71,118,57,120,130,36,15,104,137,17,18,8,72,23,21,117,62,103,85,106,100,77,84,81,79,128,33,14,25,49,68,38,116,127,119,82,61,74,60,44,53,138,47,95,92,7,115,97,98,66
127,21,83,133,10,106,110,118,31,68,14,107,29,135,42,81,33,93,47,62,113,102,131,90,80,91,20,130,5,12,6,3,49,109,108,139,48,101,59,26,125,99,86,56,7,38,67,92,82,25,78,52,72,60,13,120,85,115,58,124,74,1,114,65,57,123,121,137,71,34,39,132,100,17,16,116,43,35,94,15,2,55,61,9,50,46,24,117,84,138,30,79,112,32,129,0,95,136,77,103,54,22,105,122,98,63,19,45,66,88,36,53,111,97,89,11,44,126,4,51,23,75,69,28,8,37,70,128,134,76,41,87,40,73,119,96,64,27,104,18
113,48,0,45,73,81,27,134,50,60,30,122,13,12,41,24,18,61,135,36,54,70,125,28,58,101,15,52,8,9,88,4,23,85,93,5,111,10,89,92,132,37,3,123,97,86,68,117,67,120,133,129,99,139,22,20,126,121,84,51,57,35,90,77,1,82,47,91,33,39,124,96,25,42,65,119,44,105,95,72,34,49,112,55,14,76,107,71,26,11,43,6,103,102,131,75,115,127,80,136,19,100,29,21,78,114,64,74,128,17,59,106,130,118,109,66,104,46,7,98,79,137,108,116,110,63,56,83,32,94,69,53,138,38,2,31,40,62,16,87
113,48,131,45,73,35,95,51,50,24,30,122,80,12,70,42,111,97,135,36,63,26,125,49,118,74,15,91,8,9,27,4,23,94,106,5,25,136,89,137,132,29,114,105,7,34,68,130,67,19,133,129,99,139,22,20,108,121,115,116,72,81,109,77,11,82,47,16,88,100,17,92,71,117,28,119,107,66,98,79,86,112,18,56,14,46,1,96,6,127,110,2,123,31,0,59,44,61,90,10,78,101,76,124,65,39,93,13,64,32,3,84,120,104,55,37,87,126,43,57,138,75,58,134,103,102,33,83,60,85,69,53,41,38,21,54,40,62,52,128
113,48,0,7,38,112,27,60,50,26,30,79,88,12,39,2,120,58,135,83,78,70,125,82,89,18,114,53,46,20,45,40,23,128,106,5,25,118,37,123,132,75,11,73,95,93,96,85,32,14,55,1,16,41,6,71,15,29,76,126,99,64,66,124,136,111,24,80,138,122,103,139,69,77,110,63,86,43,130,98,33,94,3,101,35,56,61,22,102,119,137,47,8,121,87,17,97,54,4,9,74,72,36,117,44,84,52,51,81,91,65,68,109,90,107,133,57,100,13,104,28,92,131,49,116,31,62,34,134,10,21,19,115,105,67,59,129,108,127,42
113,48,79,49,41,19,61,60,29,32,30,7,94,137,72,2,120,101,74,8,102,83,82,28,118,107,119,105,110,56,22,4,134,10,106,37,70,90,23,117,133,50,6,130,139,47,114,96,138,91,132,38,122,43,103,51,20,27,80,58,9,64,46,95,17,100,14,127,124,125,93,65,67,42,131,55,33,18,116,3,135,88,75,13,128,89,69,136,25,87,45,66,115,57,99,12,81,123,76,112,68,104,109,24,11,111,84,86,16,36,77,63,108,53,52,5,54,126,73,85,39,78,26,98,15,92,71,34,0,59,21,97,1,129,40,31,62,44,121,35
113,133,86,115,88,109,52,72,75,36,121,50,137,15,20,2,122,53,60,125,26,111,58,59,25,120,103,100,116,95,65,66,8,0,37,48,80,127,94,71,83,134,131,61,78,81,130,106,55,124,4,102,119,7,82,22,57,46,117,12,29,107,108,24,138,44,56,123,99,136,67,17,9,112,139,19,11,43,68,89,33,1,73,77,93,74,126,47,98,41,101,40,85,96,49,35,42,76,28,5,135,79,14,84,18,70,118,6,34,87,114,3,110,90,39,92,10,30,69,45,64,23,132,128,104,105,21,16,54,62,63,13,91,32,38,97,51,31,27,129
112,44,131,70,74,41,79,4,108,60,127,120,137,13,89,59,105,73,37,62,30,87,32,66,40,103,0,45,133,9,95,69,7,12,23,5,22,136,14,26,80,91,134,51,82,33,68,130,50,81,132,122,109,126,8,20,36,121,48,116,63,77,47,99,75,102,110,129,94,92,2,84,119,55,83,72,29,35,6,31,39,90,139,138,15,19,38,57,58,93,18,101,24,135,96,76,27,117,34,107,16,28,118,128,125,52,3,113,104,124,65,123,10,21,54,71,56,49,42,106,43,114,97,25,78,88,115,85,86,17,11,53,64,61,67,111,46,98,1,100
113,48,71,45,63,100,27,60,29,32,35,68,88,86,43,2,13,95,135,58,109,106,47,28,51,19,65,37,8,9,14,4,66,130,89,5,78,0,70,83,26,50,64,98,22,3,52,94,137,17,23,122,39,76,7,125,41,38,116,75,91,111,97,118,1,129,57,120,105,79,33,134,82,81,114,121,115,30,127,54,69,87,10,119,73,99,128,133,36,84,74,6,80,102,131,96,16,61,90,110,18,101,46,124,112,117,93,34,11,24,15,103,49,59,55,123,67,126,12,139,138,25,132,31,20,92,62,108,53,40,21,44,72,42,136,77,85,56,104,107
113,133,86,32,93,36,65,2,138,9,121,4,45,77,20,29,122,53,60,23,30,34,54,15,75,56,114,116,100,18,132,117,90,130,127,80,120,101,123,83,76,89,139,98,22,3,52,19,124,96,94,106,33,126,82,5,13,1,71,43,11,21,110,7,97,12,78,16,99,92,112,69,63,42,64,44,67,35,38,31,39,115,119,37,88,85,118,84,61,107,25,27,128,55,49,102,72,26,28,48,91,79,14,17,95,70,24,6,58,87,103,81,51,8,125,136,10,104,47,50,137,73,66,134,105,0,41,40,111,57,109,129,68,46,135,59,108,74,62,131
113,48,0,66,38,35,27,60,50,26,30,122,80,12,39,2,110,90,135,96,78,56,125,82,119,74,114,53,8,121,100,4,23,128,106,5,25,136,37,68,132,3,11,98,95,93,99,133,32,14,55,44,51,124,6,94,65,29,76,131,61,79,7,41,20,49,22,88,58,81,116,127,40,77,84,31,75,1,45,89,69,33,86,83,112,70,85,46,138,73,71,118,57,120,130,36,15,104,137,17,18,101,72,16,97,47,115,13,64,24,43,123,117,102,42,9,91,126,54,109,28,92,87,111,103,63,62,34,134,10,21,19,52,105,67,59,129,108,139,107
113,48,83,32,37,41,101,91,21,18,79,121,64,90,61,28,27,136,114,102,109,111,81,2,39,56,65,72,105,47,122,108,25,120,76,95,38,134,129,30,123,10,139,31,78,53,36,49,45,20,132,54,69,89,135,51,26,46,80,55,9,104,0,22,5,82,3,117,128,58,93,99,40,42,131,24,63,43,100,98,33,94,75,16,35,77,34,8,44,119,103,84,116,6,110,96,1,115,85,125,74,106,68,7,70,52,126,50,124,137,118,86,15,19,87,66,71,57,17,62,67,127,133,12,130,107,112,88,60,11,23,138,14,13,92,4,59,97,73,29
113,133,86,32,38,28,138,79,67,18,25,54,82,105,44,2,122,96,65,125,26,19,109,59,97,90,15,46,83,47,116,101,21,6,115,71,80,4,41,98,1,128,139,135,126,136,36,49,84,124,34,95,64,3,112,22,27,61,117,45,7,66,87,55,57,130,50,77,137,35,11,39,131,24,72,56,40,104,132,0,10,14,73,88,16,129,74,89,99,120,76,20,69,37,30,12,62,31,42,119,52,107,114,106,48,13,17,93,78,134,51,123,121,5,33,85,91,29,102,70,92,58,108,111,103,63,100,9,60,110,81,53,94,43,118,8,127,23,75,68
26,27,21,18,127,126,112,44,35,49,48,113,45,95,28,34,87,134,128,12,104,25,114,58,56,120,103,1,59,57,92,106,8,65,4,109,86,136,23,5,132,138,6,135,11,93,130,88,50,7,51,19,20,3,124,121,122,116,115,125,46,139,47,77,119,82,78,80,99,81,41,79,91,54,83,24,76,43,96,98,72,14,73,16,69,38,70,84,39,75,71,2,129,62,15,102,17,68,118,74,30,29,85,0,110,94,10,133,66,100,36,123,117,90,107,42,37,22,13,131,101,31,137,9,111,97,64,61,32,33,60,53,40,105,67,89,108,52,55,63
112,44,81,13,74,41,79,61,98,60,127,120,137,70,1,135,63,58,37,48,57,87,32,66,40,103,0,45,138,9,95,69,7,12,23,5,8,136,38,26,80,91,33,51,82,86,68,130,50,83,94,122,99,139,22,20,36,121,125,116,72,77,47,118,75,102,110,129,109,92,2,84,55,4,131,106,29,35,15,31,39,101,107,133,14,73,89,30,53,93,18,90,24,111,96,76,27,117,62,126,16,28,132,128,85,64,3,113,104,124,65,123,17,11,46,71,56,49,42,25,43,114,97,119,78,88,115,34,134,10,21,19,52,105,67,59,54,108,6,100
113,48,123,115,36,105,138,60,71,54,49,28,13,88,42,99,134,27,12,137,24,131,21,80,128,104,7,112,92,8,31,51,23,108,130,5,25,122,61,17,132,107,38,44,65,15,135,94,91,6,103,120,29,129,116,46,85,126,33,0,62,90,68,124,110,93,4,39,77,63,106,50,59,111,56,26,133,35,95,55,20,14,117,102,41,119,97,118,58,75,89,84,16,121,22,76,87,100,10,125,18,109,96,53,72,78,136,79,1,83,3,47,101,82,98,114,34,9,70,30,73,74,19,37,57,86,45,32,2,64,127,81,11,66,40,43,139,52,67,69
113,48,94,66,38,35,27,60,50,87,30,24,80,12,39,2,110,90,135,36,63,56,125,82,119,6,114,91,8,121,100,103,23,128,106,5,25,136,37,68,132,47,11,98,129,93,17,133,32,14,55,44,51,124,123,9,102,29,76,43,61,79,53,64,118,49,22,117,58,81,116,127,40,77,115,31,75,15,45,73,71,97,86,83,112,70,85,126,28,89,69,20,109,84,130,96,1,16,137,99,18,101,72,139,65,88,120,4,41,122,131,74,3,33,26,0,111,46,95,134,54,78,7,42,13,92,62,34,57,10,21,19,52,105,67,59,138,108,104,107
26,27,21,18,127,126,112,118,30,49,48,113,45,31,28,34,137,134,77,12,117,131,102,123,25,66,103,1,89,54,92,78,8,9,4,109,86,136,23,68,132,29,6,135,139,93,130,22,71,33,70,129,20,133,94,121,122,116,115,125,46,35,47,51,119,82,108,80,13,81,41,79,40,42,83,10,76,43,0,98,72,14,75,16,69,56,74,124,58,73,7,15,19,99,106,50,100,37,63,24,11,104,17,95,36,84,128,101,138,87,114,3,110,90,107,85,120,88,64,38,39,57,2,65,111,97,62,61,32,96,60,53,91,105,67,59,5,52,55,44
113,48,0,45,64,81,27,134,50,60,30,122,13,12,79,24,19,127,135,36,54,70,125,28,118,74,15,52,8,9,100,4,23,123,106,63,25,136,89,68,132,29,11,61,66,93,99,22,26,126,7,108,102,104,94,121,109,116,115,130,34,56,47,51,119,82,129,80,6,35,49,92,40,42,77,10,76,43,95,98,46,14,75,16,21,58,128,124,78,73,139,84,33,20,131,83,1,31,137,17,18,101,72,71,112,117,86,103,133,87,114,3,110,90,107,85,120,111,138,38,39,57,2,65,88,97,37,62,41,96,32,53,91,105,67,59,5,44,69,55
113,48,0,66,38,35,27,124,50,87,30,122,80,12,39,2,102,90,53,36,63,56,125,82,119,74,114,91,8,121,100,126,23,128,51,5,115,47,37,68,132,3,44,98,95,103,17,133,32,14,55,64,106,60,31,9,65,29,76,131,61,79,111,41,118,49,22,88,58,81,116,127,40,77,120,123,75,15,45,73,71,33,86,7,112,70,85,46,28,89,69,20,109,84,130,6,1,16,137,99,18,101,72,104,97,94,25,93,11,52,107,96,136,110,83,67,135,4,129,57,138,78,26,42,13,92,62,34,134,10,21,19,24,105,117,59,54,108,139,43
113,48,122,45,57,35,17,134,99,93,30,97,125,12,121,6,109,25,7,36,19,67,130,87,80,78,81,63,8,9,95,4,23,85,27,108,26,136,101,137,132,50,90,44,65,3,135,94,91,47,133,131,29,10,116,20,34,126,33,77,62,11,68,124,38,76,102,72,88,79,15,92,71,117,49,21,107,110,98,39,86,112,18,56,14,46,1,96,59,127,105,2,123,31,0,61,51,43,69,138,75,83,120,5,24,114,66,54,40,111,22,55,82,84,52,100,139,103,104,60,28,74,118,64,42,16,58,41,73,115,13,129,89,119,37,106,32,70,53,128
113,133,86,32,88,58,105,72,75,36,121,50,137,97,20,2,122,53,60,125,26,111,63,59,25,120,103,100,116,95,65,104,8,0,37,48,80,127,129,30,83,134,131,61,78,81,130,106,55,124,64,102,98,17,82,22,27,46,117,12,29,107,51,24,138,44,56,123,99,136,67,7,9,112,139,19,11,43,91,89,33,1,73,77,93,31,126,69,23,21,101,13,128,96,49,35,42,76,28,5,38,79,14,84,18,70,118,6,54,87,114,3,110,90,39,92,10,71,47,4,45,119,66,85,132,52,41,40,34,57,109,16,68,115,135,15,108,74,62,94
26,27,21,18,127,126,112,118,11,49,6,113,45,31,28,34,137,134,70,12,117,56,30,39,43,66,103,1,89,54,61,41,8,9,4,109,86,79,23,48,132,32,93,135,139,68,42,84,98,50,128,19,20,133,94,121,122,131,115,125,46,102,75,77,119,82,57,129,99,81,2,72,63,130,106,24,29,35,60,114,136,47,124,92,69,116,74,22,123,14,33,15,80,53,78,71,100,37,44,51,38,76,85,0,110,73,10,3,120,17,36,58,104,90,107,97,5,88,13,25,101,95,87,65,111,83,64,96,138,7,16,62,91,105,67,59,108,52,55,40
113,48,90,28,131,33,137,12,18,103,112,49,16,6,53,10,46,127,61,86,0,128,23,13,106,17,45,26,21,120,109,4,102,114,1,62,138,136,27,100,108,94,44,57,139,93,130,126,50,64,66,43,81,96,124,121,76,116,115,34,125,11,47,77,105,63,78,51,99,20,101,79,95,111,9,24,35,19,60,55,91,74,73,83,134,22,70,84,25,75,71,107,129,3,8,36,32,30,132,118,68,29,135,5,92,123,38,133,58,85,69,41,89,119,110,80,31,42,7,2,14,40,117,65,88,82,72,98,104,122,37,39,56,15,67,59,54,52,87,97
127,12,8,133,44,114,32,111,47,31,65,34,53,48,80,71,89,20,35,123,73,26,1,10,84,131,96,36,63,11,14,62,72,115,98,58,15,109,95,3,83,136,128,103,93,21,41,130,106,124,104,102,74,24,19,39,9,59,117,45,42,66,75,60,7,82,50,5,2,56,135,81,97,121,68,94,132,134,126,17,18,138,100,122,0,69,110,78,55,120,76,22,129,33,30,139,137,51,23,77,118,79,112,29,90,107,64,85,99,40,4,25,113,101,70,46,87,28,43,16,108,57,52,125,88,27,37,92,13,61,119,116,91,105,67,6,54,49,86,38
113,48,89,23,74,35,27,60,121,59,8,44,90,12,75,2,110,132,19,125,32,100,17,68,29,57,98,14,18,56,77,119,24,26,11,22,105,101,36,124,28,15,31,73,95,82,88,133,53,114,66,65,42,127,69,134,41,106,76,120,118,6,130,126,13,25,116,47,34,94,43,84,139,50,96,129,64,112,97,46,39,55,87,21,72,86,102,49,80,111,109,117,107,136,20,137,108,122,40,99,30,79,104,9,0,67,93,71,10,16,52,33,7,54,128,131,85,103,70,91,138,78,38,51,61,92,62,58,3,115,83,135,37,5,45,4,63,1,81,123
113,133,86,107,134,139,132,42,37,9,121,4,45,77,20,112,122,53,60,94,26,29,54,15,63,56,114,82,3,18,64,117,90,31,50,95,80,72,85,47,102,25,99,135,1,100,8,21,32,88,44,12,33,126,116,48,13,115,71,43,129,23,73,55,81,76,69,67,105,34,98,83,127,74,108,119,92,120,16,49,111,46,106,138,96,38,24,17,14,6,35,97,57,101,109,36,136,61,131,52,123,89,2,39,78,130,10,125,128,110,59,22,124,5,62,66,75,40,7,79,68,137,58,30,84,19,91,70,51,28,104,118,41,11,103,27,93,0,87,65
113,48,0,66,129,35,27,60,50,83,30,122,88,12,22,26,40,97,135,36,63,79,125,49,118,74,15,91,8,121,100,4,23,89,53,5,25,136,62,68,132,58,11,115,45,93,99,64,94,33,55,44,41,139,123,9,134,29,75,131,31,65,47,77,7,82,109,6,101,81,2,72,111,86,20,24,130,43,37,85,102,14,73,16,69,108,112,78,84,67,71,106,57,124,120,34,1,10,137,17,18,70,92,46,21,117,76,103,133,87,114,3,110,127,107,128,19,126,138,28,39,38,116,56,80,90,61,95,51,96,32,42,52,105,98,59,54,13,104,119
113,48,0,45,73,35,98,101,74,32,30,129,88,12,42,2,120,127,82,107,93,70,16,28,118,66,103,10,23,85,92,78,112,54,106,5,117,136,8,95,132,50,6,123,7,86,68,130,102,19,133,122,99,139,124,20,77,121,125,76,24,14,109,108,64,135,47,46,33,39,21,60,25,79,65,17,44,105,100,80,96,49,34,131,71,116,36,81,75,104,29,27,69,67,114,138,115,61,18,1,41,134,43,22,89,59,13,31,128,72,3,84,111,97,55,37,87,126,91,57,4,26,58,51,119,63,56,83,137,94,110,53,90,38,15,9,40,62,52,11
112,44,40,13,30,14,79,122,108,60,127,120,90,70,1,135,63,113,37,48,57,87,32,66,24,62,0,45,138,132,95,69,7,59,23,5,111,80,93,26,126,91,86,51,82,134,88,130,50,81,17,105,123,52,8,18,98,12,47,119,4,21,96,125,75,117,89,129,99,92,2,84,55,72,131,106,29,35,15,31,39,101,139,103,20,73,110,28,36,38,16,137,3,102,34,109,94,49,133,136,41,74,9,33,118,107,104,19,83,22,65,27,10,11,54,71,56,124,42,25,43,114,97,116,78,68,115,85,128,76,77,58,64,61,67,121,46,53,6,100
113,48,66,45,138,35,94,118,37,116,30,15,88,12,7,2,120,11,82,131,24,70,101,28,58,74,76,16,96,9,36,26,23,85,125,80,119,136,69,92,132,22,53,100,110,86,75,130,41,19,49,122,99,139,65,20,126,121,38,51,57,127,46,108,0,135,47,43,27,39,21,60,25,62,124,17,44,105,93,55,63,134,73,107,90,32,95,29,68,3,61,87,112,13,4,115,64,10,129,5,102,133,14,50,89,59,31,56,72,137,106,123,117,1,33,71,91,98,42,54,67,97,79,111,103,81,6,18,128,77,8,104,78,84,34,109,40,83,52,114
26,27,21,18,127,126,112,110,35,71,48,39,0,31,28,129,137,40,128,12,14,131,84,90,25,120,103,100,15,95,92,106,8,81,4,109,86,136,118,5,132,138,6,38,139,133,73,1,50,7,51,19,34,30,124,121,122,116,115,70,46,11,47,82,24,36,22,105,17,9,37,29,134,123,20,54,75,72,62,85,135,117,43,44,98,66,49,99,113,67,125,97,108,55,89,74,102,57,23,77,3,94,114,45,16,83,52,41,79,78,69,80,104,42,93,130,61,88,64,56,58,68,87,65,111,2,107,96,32,33,60,53,91,101,76,59,119,10,13,63
113,48,117,18,137,99,57,23,29,32,11,21,102,12,106,59,120,127,61,64,27,94,44,1,107,37,129,91,101,55,95,82,134,133,123,5,138,136,89,92,52,50,69,93,85,86,34,31,124,19,71,122,125,9,39,10,3,45,81,54,135,75,26,77,83,90,100,33,20,41,115,131,119,110,17,40,78,79,30,51,6,0,22,7,15,105,118,8,16,103,74,84,47,121,4,96,28,132,80,66,35,65,114,53,36,56,24,42,49,98,139,60,111,97,67,46,87,62,43,126,108,70,58,109,130,63,112,88,72,104,38,25,14,13,68,116,2,76,73,128
113,83,100,45,131,90,29,134,25,98,30,129,37,12,111,36,120,92,68,97,87,116,93,63,99,74,119,38,8,9,0,43,23,106,138,95,86,47,15,44,60,40,104,31,78,28,14,135,34,35,115,132,51,69,21,48,73,64,84,33,66,20,136,128,75,57,26,80,71,17,82,81,3,110,42,10,76,4,5,61,6,137,114,121,1,2,85,46,125,89,88,7,109,118,130,96,112,16,91,53,18,13,72,22,77,117,55,103,58,24,11,126,79,102,94,65,50,27,133,56,127,39,122,70,101,41,62,32,124,123,49,19,52,105,67,59,54,108,139,107
112,44,81,13,74,50,79,105,98,60,127,120,137,70,1,135,63,19,37,48,57,87,32,66,40,103,0,45,138,9,95,69,7,59,23,5,8,136,38,26,80,64,134,51,82,86,68,130,67,83,94,122,58,139,22,20,108,121,125,116,72,21,47,118,75,102,110,129,109,92,2,84,55,4,131,106,29,35,15,31,39,101,107,133,14,73,89,30,53,93,18,90,24,111,96,76,27,117,62,126,16,28,132,128,34,52,3,113,104,124,65,123,10,11,54,71,56,49,42,77,61,114,97,119,78,88,115,85,17,33,25,99,91,43,41,12,46,36,6,100
26,27,21,18,127,126,112,44,43,49,110,113,45,46,28,34,137,134,128,12,117,131,85,123,25,10,103,100,89,66,58,104,8,88,4,109,37,136,23,5,36,138,84,76,73,16,42,1,50,7,41,19,69,3,124,121,56,116,115,118,98,102,75,77,119,82,57,129,99,81,2,72,63,130,106,24,29,35,93,31,39,101,139,133,20,53,14,30,90,47,22,51,80,94,64,96,59,135,125,120,6,107,114,0,48,15,74,86,52,71,11,13,83,79,70,95,132,9,68,87,65,78,122,92,111,97,62,61,32,33,60,38,91,105,67,17,54,108,40,55
112,26,113,27,126,49,44,48,72,18,127,35,77,80,31,42,134,131,28,96,66,12,101,25,1,60,120,34,106,89,95,4,8,70,137,93,138,136,88,36,132,50,67,29,43,86,47,81,124,19,133,122,92,7,22,20,3,130,105,82,117,52,129,118,37,63,71,128,51,94,74,78,139,91,24,110,115,102,99,109,58,55,5,21,40,46,90,45,17,75,30,33,23,68,135,53,121,123,125,100,84,14,114,76,98,0,10,16,107,64,11,13,83,79,2,57,108,73,85,62,6,111,87,103,104,97,56,61,69,65,32,39,41,38,15,54,59,116,119,9
113,48,0,123,73,81,27,134,50,110,33,19,43,12,138,92,86,57,65,125,26,94,11,59,53,116,61,72,126,47,55,108,133,18,76,137,80,44,96,130,87,67,90,45,20,104,25,22,49,103,38,129,99,139,24,97,8,121,84,51,127,35,109,77,64,82,9,91,30,39,21,5,68,42,135,17,136,105,95,98,34,37,78,100,14,106,107,71,54,122,66,6,120,102,131,75,1,15,3,10,85,88,13,124,112,117,115,101,132,119,114,93,28,58,111,29,36,4,46,52,41,89,7,74,60,63,56,83,32,70,69,118,79,23,2,31,40,62,16,128
113,48,20,49,93,81,135,60,29,32,30,108,88,12,109,2,120,42,123,8,54,52,116,28,118,107,119,66,110,56,95,4,89,10,106,5,70,136,23,104,132,50,6,130,139,86,22,94,41,19,133,74,121,40,47,51,79,0,13,82,61,117,27,114,37,58,98,64,35,100,45,129,43,101,14,96,62,102,125,131,9,55,87,39,124,134,122,90,36,38,138,105,112,75,65,137,91,57,71,17,18,127,72,33,115,7,25,103,80,24,3,84,111,97,83,11,68,126,73,85,16,78,26,77,15,92,76,34,46,59,21,53,1,99,67,31,63,44,69,128
113,48,0,45,136,81,114,101,61,134,120,122,126,12,92,133,26,127,135,121,54,70,125,28,118,64,72,138,8,9,68,4,137,67,131,84,25,83,89,1,132,29,71,57,66,93,20,22,79,86,139,108,117,6,85,112,32,110,115,130,34,2,47,97,119,82,129,74,18,37,49,103,40,42,13,10,76,43,27,80,46,14,128,16,78,59,77,17,58,73,7,15,19,99,106,87,88,41,63,24,11,104,102,95,36,5,75,98,3,23,53,21,107,69,116,105,30,100,123,50,44,35,52,65,111,31,62,96,94,33,60,124,91,109,39,51,56,38,90,55
127,139,109,114,44,62,55,39,79,49,20,135,84,46,70,74,88,7,17,12,117,97,72,123,18,130,103,23,57,80,92,91,22,9,61,47,37,59,35,5,132,102,101,76,126,93,42,1,137,128,95,31,69,28,124,66,122,125,85,113,98,121,110,32,77,99,107,112,40,65,56,48,38,50,111,10,3,58,11,129,136,14,75,16,115,13,71,6,87,15,2,119,4,96,82,78,43,8,118,29,30,60,25,0,100,94,86,133,36,120,89,34,108,41,106,105,64,52,67,53,54,45,21,83,81,33,90,24,63,68,51,26,116,138,73,134,19,27,131,104
127,139,117,133,66,110,32,122,47,73,72,94,62,136,105,8,130,71,115,87,106,33,17,48,137,6,134,52,119,12,123,57,4,25,34,79,67,59,11,22,44,108,61,49,131,9,60,92,23,80,103,20,132,88,91,63,5,116,70,109,114,36,35,86,81,129,99,113,2,76,40,78,56,100,43,85,65,39,29,98,31,14,53,16,69,38,74,120,26,77,50,15,128,124,41,118,55,0,90,7,18,96,46,102,112,107,93,13,64,24,3,84,111,97,10,37,42,89,19,75,54,45,21,83,101,95,30,28,121,68,51,58,125,138,82,135,1,27,126,104
112,44,83,102,74,41,79,55,108,129,127,120,137,13,20,2,122,53,60,125,26,111,58,59,63,103,0,45,133,9,95,69,7,135,23,5,22,136,89,30,80,91,86,98,82,134,88,130,50,131,109,105,118,107,8,38,51,87,62,25,106,11,78,94,75,70,47,37,132,64,66,119,4,84,81,40,128,12,14,27,35,73,126,138,6,90,15,57,101,77,18,19,24,39,96,76,31,117,34,139,16,28,99,29,48,52,3,113,104,124,65,123,10,21,54,71,56,49,42,72,43,114,97,116,110,68,115,85,33,17,93,32,92,61,67,121,46,36,1,100
113,48,0,7,38,81,27,124,50,87,30,26,88,12,39,77,110,90,22,36,63,57,125,49,53,74,114,91,8,121,100,4,23,128,138,5,25,136,37,68,132,3,44,98,45,93,17,133,32,14,55,15,106,60,31,83,65,29,118,131,73,78,47,51,75,116,129,80,71,35,82,92,40,120,42,10,76,43,95,61,6,137,119,9,1,2,85,46,28,89,69,20,109,84,130,96,112,16,33,99,18,13,72,104,97,117,115,103,58,24,11,126,79,102,94,66,86,64,135,56,127,111,122,70,101,41,62,34,134,123,21,19,52,105,67,59,54,108,139,107
26,27,21,18,127,126,74,129,35,49,48,39,0,31,82,4,137,134,128,12,117,131,87,8,98,50,106,42,15,1,99,46,118,19,78,75,86,100,23,68,132,29,102,135,139,93,130,22,120,33,65,73,20,60,94,121,133,116,115,125,14,71,47,70,10,76,79,67,105,34,111,17,59,56,119,83,107,103,37,53,28,108,110,16,138,43,7,84,113,101,51,97,109,40,89,136,30,77,90,69,11,54,114,45,44,81,52,41,57,5,25,80,104,123,122,72,61,88,36,95,58,92,85,64,66,2,62,24,32,3,9,6,91,112,38,55,124,96,13,63
112,26,113,27,126,49,44,48,72,18,127,35,77,80,31,85,134,131,28,96,114,12,101,25,1,32,120,100,11,76,95,4,8,70,107,93,138,136,73,36,132,50,6,29,43,86,47,63,124,19,133,122,125,7,22,20,3,0,105,82,61,52,129,118,37,97,57,64,51,94,74,14,139,108,24,110,56,102,99,109,104,55,87,21,65,46,16,84,17,75,30,2,23,68,135,39,121,13,92,34,45,78,66,89,88,130,10,90,137,128,106,123,117,5,33,71,91,98,42,62,67,58,79,111,103,81,115,83,60,40,69,53,41,38,15,54,59,116,119,9
127,139,113,93,44,110,55,39,47,13,129,94,62,136,17,8,102,71,115,43,106,33,29,48,84,2,64,52,81,89,123,54,4,114,19,79,67,59,11,117,107,108,61,40,131,9,60,78,124,7,35,20,132,3,91,63,0,116,103,109,31,105,18,86,77,99,69,112,76,23,53,92,38,137,83,10,28,41,95,98,46,14,75,16,85,49,128,6,21,15,130,119,22,34,82,1,12,74,118,72,30,42,25,122,80,135,32,133,36,120,100,96,50,45,104,66,37,65,90,56,57,58,87,111,88,97,70,24,121,68,51,26,125,138,73,134,101,27,126,5
113,133,86,32,107,120,105,80,70,90,121,61,137,13,20,47,122,53,60,125,26,92,85,68,114,10,6,100,11,52,58,104,8,88,4,109,37,136,23,63,83,128,97,103,78,54,130,44,1,5,132,19,71,3,43,22,27,66,117,12,40,119,138,124,81,76,28,67,91,127,74,14,139,108,24,110,115,102,99,73,42,55,87,21,65,46,16,84,17,75,30,2,64,29,116,36,98,93,118,34,56,59,112,48,89,39,134,15,25,72,0,7,45,18,51,31,111,129,69,106,82,50,95,96,79,131,77,41,9,57,49,126,33,38,135,101,35,123,62,94
26,27,21,18,127,126,112,118,11,49,6,113,45,31,28,34,137,134,77,12,117,56,102,39,43,66,103,1,89,54,61,2,8,9,4,109,86,72,23,48,132,32,93,135,139,68,130,84,98,50,128,19,20,133,94,121,122,131,115,125,46,30,14,70,119,82,97,80,62,69,41,79,40,42,83,10,76,38,60,114,136,47,124,92,81,116,74,22,123,75,33,15,129,53,78,71,100,37,44,51,35,29,85,0,110,73,24,3,120,17,36,58,104,90,107,57,5,88,13,25,101,95,87,65,111,106,64,96,138,7,16,99,91,105,67,59,108,52,55,63
113,48,110,18,49,7,119,23,29,32,80,6,102,12,106,59,93,77,72,36,139,94,131,28,118,114,17,33,101,30,95,132,134,133,130,121,103,8,90,3,11,50,82,104,85,115,58,31,135,19,46,88,125,67,45,20,92,22,47,107,55,137,51,127,105,89,97,111,138,81,41,79,40,42,83,24,76,43,37,98,56,14,73,16,69,10,70,84,39,75,71,96,129,13,15,27,1,52,4,26,74,120,108,0,64,109,78,21,44,5,9,63,61,65,124,66,117,57,126,62,136,53,99,123,34,91,112,122,60,35,38,25,116,86,68,54,2,100,87,128
26,27,21,18,127,126,112,44,43,49,132,113,45,46,28,34,137,134,128,12,117,131,85,123,25,10,103,100,89,66,58,104,8,88,4,109,37,136,11,22,107,108,84,76,73,16,42,1,50,7,41,19,69,3,124,121,122,116,115,118,98,102,75,77,119,82,78,129,99,81,2,72,63,130,106,24,29,35,93,31,39,101,139,133,20,53,14,30,90,47,5,51,80,94,64,96,59,135,125,120,6,36,114,0,48,15,74,86,52,71,23,13,83,79,70,95,110,9,68,87,65,57,56,92,111,97,62,61,32,33,60,38,91,105,67,17,54,138,40,55
112,44,26,117,74,41,79,72,98,60,127,110,137,31,1,68,63,58,82,48,57,107,32,80,40,103,121,16,8,9,95,136,139,12,23,5,138,69,36,92,132,50,6,51,116,86,111,94,39,19,133,122,126,55,22,20,3,27,105,75,61,115,2,118,37,97,106,64,29,81,90,30,101,53,24,120,52,35,34,70,104,7,87,21,85,62,128,18,108,43,14,96,11,135,129,124,0,13,46,125,45,78,66,134,84,47,38,113,91,76,65,123,17,131,73,71,56,49,42,25,93,114,102,119,28,88,77,15,89,10,130,83,109,99,67,59,54,4,33,100
113,48,0,45,73,35,98,134,29,32,30,129,88,12,42,2,120,127,82,36,31,70,115,28,118,66,103,1,23,85,92,78,89,54,106,5,59,136,8,95,132,50,114,123,7,86,68,130,67,19,133,122,99,139,22,20,108,121,125,116,72,81,109,77,11,135,47,91,33,39,21,137,25,79,65,17,44,105,100,27,34,49,4,80,14,76,107,71,26,104,74,6,110,102,131,96,16,61,90,10,18,101,46,124,112,117,93,13,64,24,3,84,111,97,55,37,87,126,43,57,138,75,58,51,119,63,56,83,60,94,69,53,41,38,15,9,40,62,52,128
112,26,113,27,126,49,73,48,21,18,127,35,137,129,19,34,134,131,28,123,114,12,117,25,82,103,138,100,40,9,95,4,23,135,78,3,64,136,89,92,52,101,6,51,93,22,70,94,79,31,133,122,125,139,39,20,5,54,115,116,99,81,46,124,119,75,47,80,98,33,62,128,11,77,0,16,76,43,102,32,71,24,86,63,44,109,118,14,36,38,59,106,55,68,15,17,2,13,69,85,74,120,30,29,110,130,10,7,1,108,107,96,50,45,104,66,42,65,90,56,57,58,87,111,88,97,61,37,60,83,41,53,91,105,67,121,8,132,84,72
113,48,0,123,73,81,27,134,49,110,33,19,78,12,138,39,86,57,65,84,26,94,11,59,53,51,61,127,38,109,68,8,129,18,76,137,80,44,96,130,87,67,90,5,97,62,111,24,17,23,126,133,46,139,91,93,108,121,45,116,72,105,30,118,75,32,36,6,47,34,120,125,55,4,2,50,29,21,15,102,92,101,43,100,14,106,107,71,54,122,66,22,35,98,131,64,1,95,3,10,85,88,13,124,112,117,115,37,132,119,114,20,28,58,25,136,9,42,99,52,41,89,7,74,60,63,56,83,82,70,69,77,79,103,135,31,40,104,16,128
127,139,113,93,44,110,55,39,47,13,129,94,62,136,17,8,50,71,115,43,106,33,29,48,84,2,64,52,81,100,123,57,4,114,19,79,67,59,11,117,107,108,61,40,131,9,60,78,88,7,35,20,132,3,91,63,0,116,70,109,31,66,18,86,77,99,69,112,76,65,56,92,38,137,111,10,28,58,95,98,46,14,75,16,85,49,128,6,87,15,130,119,22,96,82,1,12,74,118,72,30,42,25,122,80,135,32,133,36,120,89,34,102,41,5,105,103,23,37,53,54,45,21,83,124,97,90,24,121,68,51,26,125,138,73,134,101,27,126,104
112,26,113,27,126,49,44,48,72,18,127,35,77,80,31,85,134,13,28,96,94,12,101,25,1,32,120,100,11,56,99,4,8,70,107,135,138,136,87,36,132,50,65,21,102,39,47,63,84,19,133,122,125,7,22,68,3,0,105,82,61,52,129,118,37,17,131,64,51,114,74,55,40,42,30,10,76,43,95,98,46,90,75,16,78,59,29,124,58,73,111,117,92,121,93,86,20,57,33,71,103,6,66,89,88,130,110,14,137,128,106,123,2,5,23,34,91,109,108,62,67,97,79,24,45,81,115,83,60,139,69,53,41,38,15,54,104,116,119,9
26,27,21,18,127,126,68,44,35,49,110,113,45,46,28,34,137,134,128,12,117,131,36,123,25,74,78,100,89,66,58,104,8,1,30,109,86,136,23,95,133,15,4,83,29,11,121,88,116,119,41,19,20,3,87,42,22,52,115,118,31,79,47,77,7,82,57,122,99,81,2,72,63,130,106,24,76,43,37,98,90,14,73,16,69,10,70,84,56,75,71,96,129,13,64,51,9,135,125,120,6,107,114,0,48,138,53,93,50,39,85,65,101,102,59,5,38,139,112,124,94,103,80,92,111,97,62,61,32,33,60,132,91,105,67,17,54,108,40,55
112,44,81,13,3,41,79,61,65,90,127,120,137,70,1,135,62,12,96,48,57,118,32,16,73,103,0,45,66,9,133,69,6,27,23,5,8,136,107,26,123,91,33,51,82,39,43,130,76,83,94,122,25,139,113,20,36,121,80,116,72,77,47,28,75,85,110,14,18,92,30,102,55,4,131,106,134,97,138,63,119,111,38,95,17,93,132,126,58,40,52,74,22,24,50,99,53,78,42,54,60,49,124,71,64,19,115,101,87,15,114,129,59,7,125,29,31,108,84,117,68,37,35,86,98,88,56,34,2,10,21,89,109,105,67,104,128,46,11,100
26,27,21,18,127,126,112,44,43,49,110,113,45,46,28,34,137,134,128,12,117,131,85,123,25,10,103,100,89,66,58,104,54,88,4,109,37,136,11,22,107,108,84,76,138,38,42,1,50,7,41,19,69,3,124,17,56,116,115,118,98,102,75,77,119,82,57,129,99,81,91,72,63,130,106,24,29,35,93,31,39,101,139,133,20,53,14,30,90,47,5,51,80,94,64,96,59,135,125,120,6,36,114,0,48,15,105,86,52,71,23,13,83,79,70,95,132,9,68,87,65,78,122,92,111,97,62,61,32,33,60,16,2,74,67,121,8,73,40,55
26,27,21,18,127,126,112,44,43,49,110,113,45,46,28,34,137,134,128,12,117,131,85,13,25,83,103,100,89,66,58,104,8,88,4,109,37,136,79,22,107,108,84,76,73,16,42,1,50,7,41,19,69,3,71,121,56,116,115,118,98,102,75,77,119,82,57,129,99,81,2,72,63,130,106,24,29,35,93,31,39,101,139,133,20,53,14,30,90,47,5,51,80,94,64,96,59,135,125,120,6,36,114,0,48,15,74,86,52,124,65,123,10,11,54,95,132,9,68,87,23,78,122,92,111,97,62,61,32,33,60,38,91,105,67,17,70,138,40,55
112,44,40,13,30,14,5,122,108,60,127,120,90,70,1,98,63,113,37,48,57,87,32,66,24,62,0,45,138,132,95,69,7,80,23,79,67,59,76,22,107,84,61,12,8,10,42,15,11,21,46,33,117,128,39,20,135,54,115,116,99,28,133,125,75,123,89,129,4,92,2,91,55,72,131,106,29,35,130,31,82,101,139,103,18,73,110,81,36,38,16,137,3,102,34,109,94,49,96,136,41,74,9,105,118,126,104,19,83,26,65,27,134,50,51,71,56,124,88,25,43,114,97,119,78,68,47,85,52,93,77,58,64,86,111,121,17,53,6,100
26,27,21,18,127,126,112,44,35,49,48,113,45,31,28,34,102,134,128,12,117,131,114,123,25,120,103,1,104,95,110,106,8,9,4,109,86,136,23,0,132,138,6,85,139,93,130,22,50,64,66,19,20,3,124,121,107,116,115,125,46,11,47,77,119,82,78,80,99,81,41,79,40,42,83,24,76,43,37,98,56,14,73,16,69,10,70,84,39,75,71,96,129,13,15,36,17,68,118,74,30,29,135,5,92,32,38,133,58,57,137,101,89,90,122,51,2,111,7,72,55,100,87,65,88,97,62,61,94,33,60,53,91,105,67,59,54,52,108,63
113,48,116,86,38,19,125,114,69,115,44,47,122,45,9,63,1,92,64,118,26,17,123,42,77,28,61,46,91,90,136,127,51,83,94,75,80,58,78,43,93,109,128,81,131,21,41,135,106,124,134,102,110,3,82,22,138,139,117,97,7,66,87,55,57,130,107,56,137,35,11,103,126,24,72,100,40,104,132,0,10,50,73,88,16,14,74,89,99,120,76,20,129,37,30,12,62,31,36,79,68,29,2,5,95,13,32,133,23,98,60,96,65,27,112,67,8,71,70,25,39,119,108,85,18,33,15,84,111,121,101,34,52,105,4,59,54,49,6,53
113,48,0,69,136,35,61,60,19,52,76,74,87,12,7,1,120,127,15,26,65,4,44,108,107,18,37,30,41,79,95,126,23,119,106,5,40,25,46,27,132,50,82,47,131,84,135,100,22,88,133,122,49,3,17,75,105,116,115,20,51,112,92,77,138,6,57,53,72,85,81,39,96,68,42,11,99,111,139,16,134,55,86,103,43,29,118,80,36,54,129,98,114,101,125,124,121,13,73,34,45,78,66,89,24,130,10,90,28,2,137,123,117,110,33,93,91,70,97,62,67,58,14,104,32,63,56,71,59,83,102,31,94,64,8,109,38,9,21,128
26,27,21,18,127,126,112,125,11,49,6,113,45,114,28,34,137,134,70,12,117,56,30,136,43,66,103,1,89,54,61,41,8,9,4,109,86,79,23,48,132,32,60,135,94,68,42,84,46,50,128,19,69,92,124,121,122,91,115,118,98,102,75,77,119,82,78,129,99,81,2,72,63,130,106,24,29,35,93,31,39,101,139,3,20,116,74,22,123,14,33,15,80,53,57,71,100,37,44,51,38,76,85,0,110,73,10,133,120,17,36,58,104,90,107,97,5,88,13,25,47,95,87,65,111,83,64,96,138,7,16,62,131,105,67,59,108,52,55,40
127,139,80,9,29,110,40,102,77,75,72,52,62,136,122,128,130,1,115,87,106,33,84,117,113,107,68,71,119,103,123,132,4,25,20,7,67,44,88,78,48,108,98,49,17,89,60,92,23,10,21,63,125,13,22,79,5,85,126,81,38,124,131,8,19,97,121,137,61,34,32,50,100,91,16,0,74,35,15,6,39,101,43,133,14,73,31,30,53,93,18,90,24,111,96,76,12,105,57,112,86,41,42,94,118,55,66,120,95,134,65,3,83,2,70,114,36,11,37,56,109,69,59,64,138,129,58,82,99,45,135,26,54,47,51,116,28,27,46,104
127,139,30,133,66,134,32,137,47,51,65,34,53,48,76,71,78,105,56,123,103,26,1,122,81,131,18,36,63,11,14,62,23,83,98,58,15,72,89,138,115,96,5,73,85,4,40,27,59,19,113,101,125,7,130,20,3,12,104,82,80,44,31,13,37,124,64,35,111,128,45,84,135,107,24,121,60,114,99,106,136,126,9,10,21,6,22,95,100,49,42,39,8,68,129,17,2,75,91,120,118,79,112,29,90,94,50,93,55,41,0,25,117,102,70,46,87,28,43,16,108,57,52,74,88,97,33,92,132,61,119,116,109,110,69,67,54,77,86,38
127,139,82,43,66,134,132,137,47,51,52,81,80,12,39,2,110,90,135,18,92,117,125,30,122,102,22,91,8,121,100,4,23,128,98,58,15,72,89,138,57,103,5,73,85,33,40,27,0,69,113,50,1,119,130,20,3,48,104,34,116,44,31,13,37,124,64,35,111,55,45,84,61,108,24,11,60,114,99,106,16,126,9,10,21,6,123,95,14,49,42,76,63,68,129,17,71,75,109,120,118,97,112,29,105,28,101,74,83,115,59,25,87,131,70,67,26,88,133,136,107,41,93,65,78,79,62,96,32,56,7,53,36,94,19,46,54,77,86,38
26,27,21,18,127,126,112,118,30,49,48,113,45,31,28,34,137,134,77,12,117,131,102,123,25,66,103,1,89,54,92,78,8,9,4,109,86,136,23,91,132,29,59,135,67,5,130,22,71,33,70,129,20,133,94,121,122,116,115,125,46,35,47,51,119,82,108,80,13,81,41,79,40,42,83,10,76,38,0,98,72,14,75,16,69,56,74,124,58,73,7,15,19,99,106,50,100,37,63,24,11,105,17,95,36,84,128,101,138,87,114,3,110,90,107,85,120,52,64,43,39,57,2,65,111,97,62,61,32,96,60,53,68,104,139,6,93,88,55,44
127,139,64,133,100,110,125,102,18,9,96,95,39,136,112,8,130,1,124,87,106,33,92,117,97,121,58,134,119,12,0,101,4,25,34,120,86,26,88,50,43,108,61,49,131,28,60,24,11,59,103,52,42,3,91,63,5,126,128,109,46,45,80,73,81,129,99,113,2,76,40,78,75,84,89,85,65,111,37,98,31,74,53,16,69,38,82,30,79,47,132,115,54,68,83,41,10,13,71,7,6,107,114,135,48,138,105,21,20,93,118,72,15,19,55,66,123,57,17,62,67,23,90,56,22,36,122,44,116,94,14,70,77,32,29,137,51,27,35,104
127,139,64,133,100,110,93,102,18,9,96,95,39,136,105,8,130,1,124,87,106,33,92,117,97,121,58,134,119,12,123,101,4,25,34,120,21,26,88,50,118,108,61,49,131,28,60,24,57,59,103,20,42,3,91,63,5,126,128,109,46,45,80,73,81,129,99,113,2,76,40,78,75,84,89,85,65,111,37,98,31,74,53,16,69,38,82,30,19,47,132,115,54,68,15,72,10,13,71,7,6,107,114,135,48,138,112,86,52,125,43,41,83,79,70,66,0,11,94,56,90,23,67,62,22,36,122,44,116,17,14,55,77,32,29,137,51,27,35,104
127,139,15,133,100,110,93,102,18,9,72,123,39,136,105,8,130,1,37,33,57,48,32,66,24,62,0,45,138,132,95,69,4,25,34,7,21,26,88,50,118,108,61,49,131,28,60,97,106,10,103,20,42,3,91,63,5,126,128,109,46,134,54,73,81,129,99,113,2,76,40,78,75,84,89,85,65,111,115,98,31,74,53,16,101,38,82,30,19,47,22,124,80,68,64,96,59,41,125,120,6,107,114,135,87,119,112,86,52,71,43,13,83,79,70,117,58,11,94,56,90,23,67,121,12,36,122,44,116,17,14,55,77,92,29,137,51,27,35,104
26,27,21,18,127,126,112,44,43,49,110,113,45,46,28,34,137,134,128,12,117,131,85,123,25,10,103,100,89,66,58,104,8,88,4,109,37,136,11,22,107,108,84,76,73,16,42,1,50,7,41,19,69,3,124,121,56,116,115,118,98,102,75,77,119,82,57,129,99,81,2,72,63,130,106,24,29,35,93,31,39,101,139,133,20,53,14,30,90,47,5,51,80,94,64,96,59,135,125,120,6,36,114,0,48,15,74,86,52,71,23,13,83,79,70,95,132,9,68,87,65,78,122,92,111,97,62,61,32,33,60,38,91,105,67,17,54,138,40,55
113,48,78,129,117,35,61,60,123,52,76,74,30,12,7,99,42,39,104,26,65,89,44,108,107,118,37,66,67,79,95,126,23,10,106,5,96,25,14,27,132,50,82,47,131,68,135,100,22,88,133,122,139,3,124,121,56,45,115,62,51,63,91,101,138,6,57,53,58,125,116,127,17,0,120,31,80,29,81,13,71,33,86,83,112,54,85,46,28,70,69,20,109,84,130,40,1,73,137,75,18,77,72,15,11,49,119,24,87,2,36,19,136,102,103,110,92,4,90,16,41,98,34,111,32,43,105,134,59,55,93,97,94,64,8,114,38,9,21,128
113,133,86,32,88,63,105,72,75,36,112,56,99,30,11,2,77,53,60,125,26,29,58,59,25,81,61,1,116,95,65,64,8,129,96,48,80,127,131,49,83,43,128,103,93,17,44,55,91,124,104,102,74,46,82,22,67,139,117,134,42,66,51,132,33,41,123,50,98,35,138,89,97,121,68,94,13,136,135,31,18,100,126,122,0,69,110,21,137,120,76,20,78,37,9,45,111,101,28,5,38,79,14,84,27,70,118,6,54,87,114,3,73,90,39,92,10,71,47,4,12,119,107,85,24,52,130,40,34,57,109,16,7,115,106,15,108,23,62,19
112,44,85,102,23,41,128,73,84,27,127,16,111,117,38,131,105,53,28,118,114,116,26,64,50,103,87,47,135,9,95,136,125,88,34,5,133,130,91,18,132,56,134,49,25,15,48,78,80,71,8,62,107,37,138,20,3,126,72,7,65,59,60,17,74,52,66,75,39,81,4,14,58,0,24,110,76,35,82,129,104,119,57,21,31,113,6,108,139,43,92,2,54,68,100,124,121,98,55,99,120,70,96,36,109,94,10,46,137,97,77,123,13,93,33,19,115,51,42,122,67,101,79,12,32,1,29,83,11,69,22,40,30,61,106,86,90,89,63,45
