10,357,355,46,337,334,250,333,42,209,180,234,141,296,37,113,36,93,143,298,5,49,342,307,308,247,60,320,244,359,43,238,292,246,338,294,282,73,65,47,56,262,138,142,149,336,358,121,174,28,132,341,306,30,6,222,12,215,169,268,219,284,314,11,330,15,350,325,243,207,72,153,52,318,206,101,185,27,111,214,179,310,97,235,267,154,117,53,64,9,230,109,269,89,315,67,150,107,242,44,55,165,81,224,265,348,293,217,245,178,212,295,158,40,57,125,126,91,128,21,272,332,182,345,23,66,186,25,226,90,189,164,147,123,54,17,84,82,278,124,311,35,240,51,239,8,312,19,24,0,233,285,127,100,353,303,152,281,161,79,288,45,139,31,349,211,256,188,251,283,321,50,255,326,18,205,88,257,331,301,344,279,63,38,59,328,275,241,291,329,319,104,120,131,213,62,176,122,304,157,237,83,96,220,184,192,202,343,287,98,216,297,160,227,276,221,68,203,177,175,41,144,151,270,14,26,78,3,260,183,191,277,32,280,258,199,196,148,140,110,264,155,85,105,71,166,187,356,347,137,86,136,323,20,133,74,316,7,223,195,171,99,106,1,252,317,273,313,300,225,135,129,13,76,146,354,302,198,4,145,103,134,289,231,193,210,286,324,95,274,92,172,351,102,194,34,48,190,327,200,29,61,305,271,167,261,33,218,118,208,130,108,16,58,181,340,80,232,77,236,204,168,253,119,116,299,339,335,170,266,228,162,201,346,39,159,263,254,248,2,309,112,229,352,70,87,114,22,259,197,249,94,163,322,75,290,69,173,115,156
10,357,42,46,159,334,250,333,316,209,119,234,344,296,32,223,36,93,196,298,340,74,168,292,308,247,5,255,244,92,43,12,359,246,338,294,115,73,9,215,329,197,80,192,336,94,327,68,174,231,132,75,306,116,6,222,235,258,71,268,304,143,11,195,14,341,350,146,243,99,72,153,2,236,206,101,185,27,111,253,179,86,97,90,65,89,201,219,330,49,230,218,269,208,181,335,295,22,242,44,130,138,118,224,19,348,257,67,245,178,212,310,319,170,193,79,126,91,128,343,272,122,182,345,23,66,186,25,226,281,175,347,147,4,202,17,191,148,117,124,157,35,220,155,239,8,172,76,24,0,173,120,127,100,31,303,152,346,161,260,261,158,62,59,349,121,256,33,251,283,321,83,190,102,18,259,352,200,15,162,141,95,221,167,34,96,339,299,271,233,29,358,51,63,194,314,110,285,199,205,287,176,77,54,56,265,289,273,136,165,211,187,288,227,140,337,70,277,198,37,324,313,151,355,64,26,40,114,1,183,82,248,290,280,180,163,284,139,320,125,108,164,85,105,279,166,28,356,7,104,323,184,150,20,267,305,217,16,309,276,171,328,52,204,78,107,232,326,300,48,38,45,322,142,266,354,241,88,318,145,103,189,252,332,282,312,112,311,21,315,135,160,47,3,203,81,13,50,106,293,144,237,297,254,131,134,210,123,278,55,317,307,229,154,353,331,177,213,53,109,291,342,214,216,188,274,60,156,137,325,228,301,133,238,39,113,263,225,249,61,149,240,84,207,351,87,169,302,270,262,98,129,30,69,264,41,286,275,57,58
10,357,355,46,159,334,51,333,302,209,216,234,33,296,37,113,276,327,133,2,138,49,342,183,85,247,132,229,244,95,43,320,232,45,338,294,282,73,58,47,56,262,71,164,92,358,305,99,167,28,7,341,306,353,179,222,12,219,114,129,208,20,347,145,330,339,350,40,117,323,359,15,31,318,206,101,185,80,111,107,351,310,317,195,267,154,134,53,64,9,230,236,200,263,198,22,150,170,39,44,55,165,88,224,265,348,103,217,245,178,212,295,158,228,316,136,126,91,191,21,272,231,354,162,23,66,324,259,153,112,189,130,249,116,54,105,84,82,278,124,311,35,240,346,239,301,210,110,286,0,233,285,127,100,225,303,102,322,161,254,261,155,160,118,279,211,163,188,251,187,321,50,77,326,268,203,274,257,331,13,344,266,152,38,264,328,281,241,291,329,319,104,194,131,213,62,176,122,304,157,61,83,204,220,184,192,87,343,287,98,273,297,172,193,313,207,227,67,177,175,41,144,151,253,14,135,78,3,260,337,168,277,166,280,258,199,269,218,140,93,289,237,308,17,149,86,8,96,181,171,32,125,352,284,143,292,25,141,79,106,221,121,29,243,315,309,190,252,75,30,60,18,299,81,4,48,42,36,235,11,293,201,65,128,290,325,173,89,123,146,34,139,6,63,205,300,26,5,270,119,256,76,186,345,174,288,16,242,115,215,169,108,182,248,314,246,340,137,255,109,356,332,19,196,275,283,226,97,59,349,312,223,24,250,148,307,335,120,197,180,27,52,202,336,70,238,142,214,57,298,147,94,72,1,90,68,69,74,271,156
10,357,355,46,103,72,250,333,152,260,216,234,141,305,163,187,36,280,57,74,138,58,173,5,337,104,272,205,244,267,202,65,124,25,37,186,298,149,348,47,167,343,16,31,274,184,15,121,174,161,132,147,176,327,6,18,304,215,114,268,208,284,153,29,162,322,166,325,56,50,120,3,52,318,66,105,185,27,229,214,179,297,341,90,288,192,201,275,78,329,230,71,269,89,315,59,150,22,160,44,49,165,356,146,265,54,92,301,35,177,213,295,14,299,200,76,19,300,330,311,190,96,95,290,276,170,349,241,358,17,189,48,7,294,148,119,68,209,100,84,81,302,240,2,28,33,85,335,285,313,233,266,310,247,156,227,11,303,231,99,38,155,151,198,122,73,23,77,195,257,339,39,70,51,220,102,279,204,259,98,228,320,263,254,287,42,53,251,323,242,24,346,175,75,157,221,196,123,191,0,328,97,130,324,317,252,354,79,359,32,296,1,253,212,134,342,345,224,194,211,210,108,223,67,144,262,331,111,222,206,158,133,261,338,258,248,218,109,140,110,4,63,273,255,86,277,115,13,181,64,238,125,332,236,21,312,281,352,117,164,307,199,168,344,226,309,136,93,112,30,43,245,243,178,219,180,60,91,291,80,139,293,232,283,137,127,321,351,34,172,41,45,334,55,171,292,26,101,270,169,347,143,128,135,278,126,154,9,106,217,107,145,40,129,314,61,340,237,289,182,336,239,271,264,353,350,12,282,8,118,183,142,203,188,319,88,308,69,225,246,113,235,326,207,82,87,193,62,316,197,249,94,116,286,131,256,159,20,306,83
10,357,355,46,346,237,0,333,331,209,216,234,16,278,37,113,79,110,42,301,340,83,342,307,153,200,251,229,244,95,227,291,75,246,349,294,335,73,248,77,170,12,164,270,336,317,358,99,57,138,132,341,306,155,6,198,203,215,24,319,208,161,314,11,14,356,350,241,243,8,72,188,52,146,206,320,185,183,111,214,68,191,321,90,63,228,201,163,168,58,299,136,221,297,252,106,220,218,304,354,55,165,81,311,265,348,38,124,245,178,88,277,312,78,135,127,126,51,128,202,205,105,283,345,23,325,157,259,326,112,189,343,147,199,313,49,295,344,288,217,224,35,240,303,64,187,158,282,114,250,56,61,204,296,30,255,327,151,96,254,100,287,156,223,50,167,142,359,60,71,97,212,328,137,91,316,266,3,196,39,260,131,160,102,59,47,302,117,94,329,2,298,62,28,213,172,1,175,169,82,145,176,20,15,232,32,98,233,9,238,262,337,152,54,85,271,179,31,318,285,13,53,154,26,330,253,222,247,5,347,310,351,166,338,258,123,186,44,140,139,195,273,268,17,149,263,323,74,181,171,276,109,352,284,143,115,25,45,36,289,300,121,76,230,315,309,257,192,236,133,18,148,275,65,80,48,43,40,194,34,305,180,144,21,118,141,231,182,33,339,256,107,19,104,235,174,130,210,197,293,108,22,207,7,334,101,86,267,274,290,119,27,70,150,190,103,184,93,211,125,272,67,269,66,193,92,4,332,219,280,308,162,286,159,116,89,134,322,239,279,324,261,122,226,292,87,242,84,225,249,41,129,353,69,264,177,281,173,29,120
10,357,159,46,346,238,250,122,103,209,216,234,141,296,28,113,212,93,143,102,88,320,241,307,153,131,60,229,244,95,61,48,289,246,338,294,49,73,98,356,300,304,344,92,67,309,149,121,57,232,132,341,205,190,119,263,31,86,114,70,208,32,314,271,330,108,350,187,243,352,72,87,52,146,206,17,185,293,111,214,179,37,220,150,12,223,201,77,297,27,29,109,269,337,315,231,15,276,169,44,55,165,137,224,272,160,2,217,89,228,273,332,319,359,34,235,323,91,128,184,181,233,182,334,23,325,186,25,280,112,242,219,147,123,54,335,84,9,340,124,226,41,240,51,64,8,312,11,140,0,170,130,204,100,151,129,156,313,14,211,221,287,6,68,59,3,19,227,328,225,43,245,176,311,345,349,152,22,5,347,145,125,249,251,260,295,278,342,83,258,69,327,76,247,116,203,144,333,63,351,1,175,262,97,138,75,222,58,178,336,324,168,348,274,218,331,104,90,66,157,110,50,162,133,158,164,174,268,36,302,277,53,284,38,259,200,101,202,24,56,210,254,326,99,301,354,266,42,47,171,215,318,74,142,230,126,267,82,321,264,298,281,30,167,252,303,257,183,236,270,18,148,173,106,80,291,26,40,207,288,305,285,163,21,292,16,193,286,33,339,94,107,282,197,127,283,13,81,115,265,62,237,4,85,155,134,322,329,198,192,317,213,79,154,117,135,166,194,255,180,199,239,256,177,188,20,279,196,343,316,308,45,71,355,39,299,261,120,248,310,35,290,96,7,118,136,189,191,78,275,358,139,353,161,195,65,105,253,306,172
10,357,355,46,337,334,250,333,42,209,180,234,141,296,37,170,36,93,143,298,5,49,342,307,39,340,60,320,244,359,248,238,292,246,338,294,282,73,65,47,56,181,138,142,149,336,204,121,174,28,132,341,306,30,6,222,12,215,169,268,219,299,314,11,108,15,350,325,243,207,72,153,52,318,168,101,185,27,111,214,179,310,97,235,267,154,16,53,64,9,263,109,269,89,315,67,150,107,162,80,55,165,81,159,265,348,293,217,245,178,2,295,158,40,57,125,126,91,128,21,272,332,182,345,58,66,186,25,226,90,189,164,147,123,54,17,84,116,278,124,311,35,240,51,239,8,312,19,24,0,233,285,127,100,353,303,152,232,229,79,288,45,139,118,349,211,256,188,251,283,321,50,255,326,335,205,88,257,331,301,254,279,63,38,59,328,208,241,291,329,319,104,120,131,213,62,176,122,304,157,237,83,96,220,184,70,202,343,287,98,216,297,160,227,276,221,68,203,177,175,41,144,151,270,14,309,78,346,260,183,191,277,32,280,258,199,196,148,140,110,228,253,85,105,71,166,187,356,347,137,86,136,323,20,133,74,316,114,223,195,171,99,236,1,252,317,273,313,300,225,135,129,13,76,146,354,302,198,4,145,103,134,289,231,193,210,266,324,95,112,92,172,351,102,194,119,48,190,327,200,29,61,305,271,167,261,33,218,31,352,275,330,117,23,262,77,44,281,247,106,358,206,201,34,82,284,249,18,113,286,264,242,155,3,308,224,230,344,43,212,26,274,161,130,192,87,7,22,259,197,339,94,163,322,75,290,69,173,115,156
10,357,337,46,159,334,250,333,42,209,133,210,244,296,37,153,164,93,143,197,248,299,207,308,277,249,169,271,16,76,320,314,30,78,86,279,83,171,104,341,329,145,172,254,310,324,343,166,18,323,356,126,137,121,185,315,335,69,278,130,99,103,88,339,138,105,359,55,290,107,215,113,43,34,206,74,267,208,111,28,77,336,156,90,6,218,173,53,64,9,230,236,269,89,302,65,150,259,242,44,346,165,61,224,80,348,293,217,162,178,212,295,243,40,316,136,47,91,318,21,272,332,92,354,330,66,186,25,226,112,189,39,147,123,54,129,84,106,114,124,311,31,240,51,239,187,312,194,67,0,274,231,228,20,353,342,152,350,155,142,288,1,139,118,177,154,256,188,251,58,261,50,135,326,174,205,87,35,331,301,344,229,63,38,117,328,163,241,317,73,319,340,120,309,108,62,176,122,284,157,237,282,96,220,184,13,338,263,287,60,198,297,160,227,115,221,11,85,219,351,41,144,151,270,14,26,347,3,260,134,191,307,232,280,193,149,119,225,140,262,264,161,273,146,211,32,72,204,181,195,235,125,352,100,216,82,22,141,79,75,300,27,101,286,116,291,203,170,289,148,255,95,5,17,36,345,222,70,213,110,304,183,56,285,258,102,281,131,322,233,182,265,175,132,15,128,48,190,327,200,29,2,305,253,167,313,33,71,257,266,4,68,303,283,246,49,23,234,179,109,168,292,19,196,275,192,247,97,59,349,127,223,321,325,268,355,358,245,24,180,199,52,202,7,81,238,98,214,57,298,294,94,8,45,276,158,252,201,306,12
10,357,159,46,346,238,0,333,103,209,216,234,141,100,28,113,36,93,143,102,152,320,342,307,153,200,60,229,244,95,227,48,289,246,338,294,49,73,248,47,56,63,164,249,67,309,149,121,57,138,132,341,115,190,6,198,31,215,114,268,208,284,314,271,330,108,350,117,243,352,72,318,52,45,206,288,185,322,111,214,179,310,97,90,267,223,201,53,168,210,230,109,269,337,326,231,15,218,169,44,55,165,137,224,265,348,194,217,89,104,266,351,69,222,34,235,126,91,128,202,181,58,71,353,23,325,186,25,38,112,242,219,147,123,54,335,84,82,278,124,24,41,240,51,64,8,316,282,226,250,21,118,40,296,345,300,18,61,96,213,101,146,203,88,50,180,193,293,252,182,27,39,98,315,264,312,178,247,196,356,344,279,134,4,59,77,192,241,94,329,319,298,30,131,79,62,176,122,304,157,237,299,285,220,232,13,359,233,287,328,211,297,160,313,276,135,68,317,177,175,2,144,154,270,14,145,225,3,260,183,295,277,32,280,258,199,17,354,140,156,75,155,85,105,324,166,273,29,347,327,86,87,323,83,42,74,259,9,254,212,171,188,76,1,251,129,257,302,236,133,303,148,173,106,80,291,43,204,207,221,305,262,163,170,292,16,256,286,33,339,142,107,19,162,127,174,116,332,205,272,150,22,81,7,26,92,263,12,274,261,119,321,70,197,187,331,184,110,255,125,167,239,11,66,281,20,301,5,290,349,308,228,283,355,334,245,340,151,336,37,35,343,161,311,130,136,189,191,78,275,358,139,120,158,195,65,99,253,306,172
10,357,299,46,159,334,250,333,328,34,216,234,141,70,37,113,82,93,345,298,340,335,182,307,308,278,272,270,244,95,43,238,232,25,338,186,19,211,248,47,56,262,80,142,336,184,226,121,174,197,346,341,326,30,181,311,12,191,114,21,208,284,314,11,330,281,350,325,104,107,2,3,52,318,206,101,185,27,111,214,179,297,156,90,267,154,201,275,64,329,230,109,269,89,315,65,223,22,144,44,55,165,98,224,265,54,293,301,245,62,124,295,158,40,112,271,126,87,128,127,60,103,280,290,164,8,349,241,63,17,189,130,205,294,203,57,68,24,152,39,256,302,240,50,28,207,359,282,285,235,0,58,337,247,331,212,351,26,86,99,38,129,139,180,122,73,319,344,84,257,343,134,76,88,220,147,279,168,259,217,190,320,263,254,287,14,7,246,131,9,222,170,175,75,157,117,193,123,277,347,72,97,258,210,309,155,198,160,273,169,327,310,356,227,352,225,171,348,151,120,324,242,74,229,162,108,15,153,209,196,29,252,163,342,125,313,183,148,291,110,264,192,85,105,71,166,187,167,194,137,261,136,323,77,133,177,353,16,288,195,251,79,106,1,304,317,59,199,67,221,135,45,13,255,146,266,35,202,4,145,228,51,289,231,176,18,286,31,312,274,92,172,100,188,213,260,48,102,66,200,236,237,305,96,321,119,296,218,41,233,276,339,53,118,6,5,138,292,20,215,204,303,253,161,173,316,149,49,243,354,332,42,178,132,283,268,358,150,300,61,78,219,115,33,36,91,32,23,355,249,239,94,116,322,140,143,69,81,306,83
10,357,355,46,337,334,250,333,8,209,180,266,286,278,37,61,36,93,354,347,353,49,342,307,24,247,60,88,244,359,43,238,50,125,338,182,282,211,248,47,56,108,312,292,225,331,358,121,174,28,132,341,306,326,6,222,12,215,114,251,208,127,314,11,330,15,350,325,243,352,72,153,52,318,256,101,185,261,111,214,179,310,97,205,75,154,117,53,64,9,230,109,269,207,315,67,84,22,223,44,55,165,346,224,265,348,293,112,267,178,216,295,59,40,57,171,126,91,218,35,272,7,188,345,163,66,186,322,226,239,130,252,106,257,142,135,150,332,162,141,168,81,299,148,285,42,138,167,3,234,80,139,18,340,48,23,89,25,200,96,170,302,118,316,87,73,206,336,268,351,259,123,260,30,284,235,229,228,309,301,344,279,63,38,181,328,173,296,291,329,319,90,242,131,213,161,176,122,304,157,237,83,236,220,184,192,202,343,287,98,70,305,160,227,276,221,68,339,177,31,232,29,151,270,14,26,78,203,255,183,107,277,32,169,258,128,196,152,140,110,264,155,201,349,71,166,187,356,219,137,86,159,323,20,133,204,298,16,254,190,77,335,147,1,189,0,273,313,300,233,17,129,13,288,146,303,45,33,158,145,103,199,289,19,193,210,58,324,320,274,92,172,283,102,194,34,5,195,115,76,144,175,79,281,124,27,198,297,263,4,317,308,294,74,164,241,99,54,246,311,62,197,271,134,143,245,100,240,95,105,2,231,85,104,39,136,41,120,69,113,82,21,262,51,212,321,280,191,119,217,249,94,116,253,149,290,65,275,327,156
10,357,355,46,159,334,51,333,302,209,216,234,33,100,37,113,276,327,133,82,138,49,342,183,85,247,132,229,244,95,43,320,232,45,338,294,282,73,58,47,56,262,71,164,92,358,305,99,167,28,7,341,306,105,179,222,12,219,114,129,208,20,347,145,330,339,350,40,117,323,359,15,31,0,206,101,185,80,111,107,351,310,317,195,267,154,134,53,64,9,230,236,200,130,198,22,150,170,39,44,239,165,88,224,265,348,103,217,245,178,212,295,158,228,316,136,126,91,191,21,272,231,354,162,23,66,201,25,264,304,189,263,147,94,36,353,284,2,26,65,120,140,240,274,127,303,340,184,55,318,115,38,286,296,225,301,102,322,161,254,261,155,160,118,279,211,163,188,251,187,321,50,77,326,268,203,346,257,331,13,344,266,152,285,153,328,281,241,291,329,319,104,194,131,213,62,176,122,112,157,61,83,204,220,110,192,87,343,287,98,273,297,172,193,313,207,227,67,177,175,41,144,151,253,14,135,78,3,260,337,168,277,166,280,258,199,269,218,35,93,289,237,308,17,149,86,8,96,181,171,32,125,352,84,143,292,259,141,79,106,221,121,29,243,315,309,190,252,75,30,60,18,299,81,4,48,42,54,235,11,293,324,124,128,290,325,173,89,123,146,34,139,6,63,205,300,278,5,270,119,256,76,186,345,174,288,16,242,233,215,169,108,182,248,314,246,210,137,255,109,356,332,19,196,275,283,226,97,59,349,312,223,24,250,148,307,335,311,197,180,27,52,202,336,70,238,142,214,57,298,249,116,72,1,90,68,69,74,271,156
10,357,203,46,159,6,250,333,328,338,64,319,101,70,351,297,42,205,265,298,340,49,182,307,144,247,11,99,244,311,109,238,318,155,198,292,162,86,313,193,52,206,80,296,81,262,185,27,321,128,245,110,53,88,215,54,96,334,218,268,290,48,117,154,19,258,72,229,17,179,204,242,220,232,40,50,343,301,254,201,71,89,116,140,257,55,293,4,112,219,22,134,151,113,304,283,243,165,208,44,75,251,56,256,225,180,344,7,74,300,320,295,158,66,341,57,100,91,97,21,272,103,352,308,276,187,118,172,327,24,189,130,277,294,73,285,0,264,133,240,79,359,183,38,303,62,314,282,156,67,161,123,106,226,281,149,322,160,214,142,141,131,267,105,212,263,239,287,29,269,278,43,353,336,323,102,236,124,234,217,108,207,148,326,136,36,188,78,83,20,248,209,266,60,65,35,114,202,93,84,210,259,252,196,354,25,260,224,253,176,270,153,76,92,2,143,261,146,310,69,324,120,305,299,325,164,216,58,107,125,291,37,87,332,194,85,171,355,59,122,279,1,41,95,137,34,126,145,199,195,138,63,356,135,175,5,315,249,316,15,191,339,337,192,30,317,347,213,178,221,9,45,13,255,348,309,302,349,275,174,342,51,289,231,32,18,286,222,312,274,227,241,152,147,350,166,139,115,358,200,230,280,132,271,167,157,184,47,31,68,190,26,121,284,181,177,233,3,77,104,237,168,273,119,98,330,23,335,170,8,228,14,33,346,39,127,211,223,329,61,246,235,111,28,82,163,169,150,288,197,16,94,12,331,129,345,186,173,306,90
10,357,134,46,155,334,250,333,42,209,180,234,141,193,203,113,36,93,143,298,86,49,342,307,308,99,60,320,244,359,43,238,292,246,338,294,282,73,65,47,56,262,138,175,149,336,358,121,140,28,132,341,306,30,6,222,12,215,169,68,316,137,314,11,1,133,350,325,243,151,72,153,52,318,129,101,185,27,111,214,179,310,97,235,267,154,117,144,64,9,230,258,277,89,166,177,150,107,242,44,55,165,81,224,265,348,293,217,231,178,212,295,158,40,57,14,126,110,128,26,272,332,182,345,23,66,186,25,226,90,189,164,147,123,54,17,264,82,278,124,311,35,240,51,273,8,312,19,24,0,233,285,127,100,353,103,152,356,161,79,105,45,139,31,349,211,256,188,251,283,321,50,255,313,18,205,88,257,331,78,344,279,63,38,59,328,275,270,291,329,319,104,120,131,213,62,176,183,304,157,237,83,96,220,184,192,202,343,287,98,260,297,160,227,276,223,268,85,67,347,324,53,207,241,148,21,301,322,216,122,195,269,102,252,109,302,171,125,174,91,84,337,198,146,181,315,106,281,142,284,5,135,253,232,15,187,219,210,221,75,354,247,167,4,327,290,76,326,119,48,20,206,201,239,288,145,58,37,330,162,303,355,22,245,296,7,286,41,95,274,92,172,351,32,194,34,225,190,280,200,29,61,305,271,74,261,33,218,118,208,130,108,16,199,71,340,80,136,77,236,204,168,323,300,116,299,339,335,170,266,228,196,13,346,39,159,263,254,248,2,309,112,229,352,70,87,114,289,259,197,249,94,163,3,191,317,69,173,115,156
10,357,355,46,103,72,250,333,152,260,216,234,141,305,163,187,36,280,57,74,138,50,173,5,337,104,272,205,244,267,120,65,124,25,37,186,66,149,348,47,167,343,16,31,274,184,15,121,174,161,132,147,176,327,6,18,304,215,114,268,208,318,153,29,162,322,246,229,286,58,202,335,220,284,298,38,76,27,325,214,179,297,341,90,288,192,201,275,78,329,230,71,269,89,315,59,150,22,160,44,49,165,356,146,265,54,92,301,35,177,213,295,14,299,200,185,19,300,330,311,190,96,95,290,276,170,349,241,358,17,189,48,7,294,148,119,68,209,100,84,81,302,240,2,28,33,85,3,285,313,233,266,310,247,156,227,11,303,231,99,105,155,151,198,122,73,23,77,195,257,339,39,70,51,52,102,279,204,259,98,228,320,263,254,287,42,53,251,323,242,24,346,175,75,157,221,196,123,191,0,328,97,130,324,317,252,354,79,359,32,296,1,253,212,134,342,345,224,194,211,210,108,223,67,144,262,331,111,222,206,158,133,261,338,258,248,218,109,140,110,4,63,273,255,86,277,115,13,181,64,238,125,332,236,21,312,281,352,117,164,307,199,168,344,226,309,136,93,112,30,43,245,243,178,219,180,60,91,291,80,139,293,232,283,137,127,321,351,34,172,41,45,334,55,171,292,26,101,270,169,347,143,128,135,278,126,154,9,106,217,107,145,40,129,314,61,340,237,289,182,336,239,271,264,353,350,12,282,8,118,183,142,203,188,319,88,308,69,225,166,113,235,326,207,82,87,193,62,316,197,249,94,116,56,131,256,159,20,306,83
10,357,355,46,159,334,250,333,328,260,216,234,141,70,37,113,36,93,143,298,340,49,182,307,308,278,272,270,244,95,43,238,232,25,338,186,19,211,248,47,56,262,80,142,336,184,226,121,174,239,132,341,115,30,6,311,12,215,114,268,208,284,314,11,330,322,350,325,104,23,237,3,52,318,206,101,185,27,111,214,179,297,156,90,267,154,201,275,64,329,230,109,269,89,315,65,150,22,144,44,55,165,81,224,265,54,293,301,245,178,303,295,158,40,112,96,126,91,128,127,60,103,280,290,276,8,349,241,358,17,189,130,205,294,203,57,68,24,100,283,256,302,240,50,28,33,359,282,285,219,233,118,337,247,331,212,351,26,86,99,38,129,48,180,122,73,319,344,84,257,343,134,76,88,220,102,279,168,259,217,190,320,263,254,287,42,53,246,140,9,222,243,175,75,157,117,193,123,277,347,72,97,258,210,309,155,198,160,273,32,296,310,356,227,352,225,171,348,151,292,324,242,74,229,162,108,149,153,209,196,29,252,163,342,125,313,183,148,291,110,264,192,85,105,71,166,187,321,213,137,161,136,323,20,133,177,353,16,288,195,251,79,106,1,304,317,59,199,300,221,135,45,13,255,146,354,35,202,4,145,332,51,289,231,176,18,286,41,312,274,92,172,152,147,194,34,139,188,327,200,191,2,305,271,167,261,66,218,31,0,164,339,7,58,181,5,138,120,77,236,204,124,253,119,98,299,15,335,170,266,228,14,62,346,39,21,63,223,67,61,78,235,326,207,82,87,169,107,316,197,249,94,116,281,131,345,69,173,306,83
10,357,355,46,346,334,250,333,103,209,216,234,141,296,37,113,36,93,143,102,340,92,342,307,308,247,60,229,244,95,43,48,289,246,338,294,7,73,248,47,56,274,164,253,336,309,358,121,174,138,132,341,306,190,6,198,31,215,114,268,208,284,314,11,330,108,350,119,243,352,72,193,52,146,206,101,185,27,111,214,179,310,97,90,267,223,201,53,168,210,230,109,269,337,315,65,15,22,169,44,55,165,81,224,265,348,194,217,245,178,266,351,158,40,34,125,126,91,128,33,272,332,182,345,23,66,186,25,207,112,189,219,147,123,54,335,84,82,278,124,311,41,240,51,239,8,312,19,24,0,170,261,127,100,353,303,263,322,161,79,288,45,139,228,349,211,256,61,251,283,321,50,255,326,167,205,88,200,331,301,344,279,134,4,59,77,173,241,291,329,319,162,120,131,213,62,176,122,304,157,237,299,96,220,163,13,359,343,287,98,180,297,160,302,276,221,68,203,177,175,2,144,151,270,14,26,78,3,260,183,191,277,32,280,258,199,5,354,140,110,75,155,85,105,324,166,187,29,347,327,86,136,323,20,42,74,259,16,254,195,171,99,106,1,252,317,273,313,300,225,145,94,192,76,286,148,227,222,38,135,316,218,232,236,153,9,318,71,202,204,271,292,107,298,339,57,238,58,305,181,356,262,137,49,18,320,21,63,12,130,117,293,282,39,257,196,188,156,328,235,197,64,142,325,184,83,150,17,233,212,118,104,80,159,116,89,152,154,67,28,149,290,285,226,70,87,242,295,133,249,35,129,30,69,264,231,281,275,115,172
14,357,139,134,159,18,273,204,42,288,4,336,223,145,110,179,65,359,289,321,340,79,194,310,314,257,155,196,244,337,300,39,31,343,265,344,176,73,67,269,56,274,334,41,123,322,9,8,279,207,62,213,240,94,6,216,68,167,22,325,17,304,299,24,184,61,208,69,286,27,202,335,220,169,98,38,71,121,140,201,347,192,352,258,266,298,101,355,129,259,263,19,331,58,157,128,44,178,15,160,342,287,307,229,186,64,75,249,107,66,231,191,241,320,43,57,130,351,215,85,115,185,248,137,135,226,95,338,311,81,89,237,138,156,326,36,295,245,146,211,13,275,209,88,144,318,26,195,77,168,233,78,105,296,332,46,32,154,180,40,278,100,136,51,280,272,142,218,148,323,49,212,303,315,91,127,205,247,225,293,84,28,63,102,59,228,302,175,34,329,60,104,76,3,52,30,151,1,48,2,210,243,181,54,99,177,92,131,93,290,96,165,37,158,297,234,25,283,72,170,109,281,83,270,163,219,254,309,47,162,55,260,189,349,161,264,284,221,82,122,108,164,256,74,7,166,305,356,133,111,86,199,150,20,353,106,116,16,124,118,171,328,147,33,230,214,29,35,190,183,222,45,97,172,348,198,246,141,316,301,206,339,224,350,251,188,112,319,294,239,197,333,253,152,126,113,0,80,345,271,313,250,174,308,117,11,53,268,324,132,10,330,182,103,227,291,282,292,125,119,236,217,276,312,317,267,143,149,262,193,354,153,252,200,5,238,114,120,346,341,358,21,285,255,70,87,242,23,12,232,50,235,203,277,90,261,327,173,306,187
244,223,90,145,267,168,297,191,329,216,213,43,51,207,288,328,138,100,87,30,312,155,15,231,86,240,222,197,314,303,67,277,85,95,1,130,127,331,4,221,263,246,31,164,210,48,149,39,19,330,211,37,310,354,123,276,260,215,327,140,226,285,237,178,59,269,18,157,338,13,159,44,299,318,148,49,284,302,351,344,144,113,281,88,200,298,22,147,28,68,253,24,143,187,357,347,6,162,358,227,45,161,0,295,324,265,41,35,126,42,220,177,291,204,264,325,259,54,9,236,124,345,290,305,96,208,274,133,165,170,33,56,307,294,129,174,355,348,76,233,342,53,332,52,249,349,112,194,78,192,341,241,261,110,150,190,340,335,198,128,61,81,283,163,304,289,176,301,111,79,70,212,286,315,91,337,188,300,169,57,82,10,63,319,167,125,117,196,50,206,254,193,72,121,108,7,102,154,272,352,359,141,234,309,135,202,92,287,93,17,11,243,235,322,195,219,229,271,101,175,336,14,151,270,255,248,339,3,34,183,275,137,282,75,58,262,158,225,84,250,238,109,12,105,152,166,218,38,142,245,258,47,89,65,353,173,26,181,268,311,343,71,66,16,25,62,74,203,27,247,184,306,156,134,103,171,21,172,20,334,185,292,2,293,214,205,122,217,153,97,69,296,8,279,114,242,201,230,104,228,80,273,313,40,118,180,356,99,266,32,36,131,186,252,107,136,23,321,116,346,55,146,317,209,333,46,189,60,77,256,64,251,120,179,199,224,5,94,182,257,232,350,98,132,280,239,73,83,106,115,139,29,119,278,316,320,308,160,326,323
10,357,355,46,337,334,250,333,42,209,180,234,141,100,37,113,36,93,143,87,5,49,342,307,308,247,60,229,244,359,43,238,292,246,338,294,282,73,248,47,56,59,138,142,149,309,358,121,174,256,132,341,306,241,6,222,12,301,114,268,219,284,314,11,330,15,350,325,243,352,328,153,52,318,206,101,211,27,111,214,179,310,97,235,267,154,117,53,64,9,230,109,269,89,315,67,150,22,242,44,55,165,81,224,265,348,293,217,245,178,212,295,158,40,57,125,126,321,128,21,272,332,182,345,23,66,186,25,226,112,79,164,288,123,54,17,84,82,278,124,311,35,240,303,239,8,312,19,152,0,233,63,127,296,133,51,18,172,96,205,147,327,216,187,74,185,28,68,218,264,91,273,196,88,24,189,183,257,313,215,156,136,285,95,262,72,75,30,351,329,319,104,120,131,213,62,176,122,304,157,237,83,161,220,184,192,202,343,287,98,70,297,160,227,276,221,188,203,177,175,41,144,151,270,14,26,78,3,260,326,191,277,32,280,258,199,255,148,140,110,283,155,85,105,71,166,31,356,347,137,86,279,323,20,353,349,259,7,254,195,171,99,106,1,252,317,50,331,300,225,135,129,13,76,146,354,302,198,4,145,103,134,289,231,193,210,286,324,38,274,92,322,291,102,194,34,48,190,45,200,29,2,305,271,167,261,33,251,118,208,130,108,16,58,181,340,80,232,77,236,204,168,253,119,163,299,339,335,170,266,228,162,201,346,39,159,263,223,65,61,336,90,320,207,139,298,169,107,316,197,249,94,116,281,275,290,69,173,115,344
10,357,355,46,159,334,250,333,42,209,216,234,141,296,37,113,36,93,143,298,340,49,342,307,308,247,60,229,244,171,43,238,232,246,338,294,282,192,248,47,56,262,80,142,336,309,358,160,174,28,106,341,115,30,6,222,12,215,114,268,208,284,314,11,330,108,350,325,243,352,184,153,52,318,206,101,185,27,111,214,179,310,156,98,267,154,201,53,64,9,230,109,269,89,315,287,290,22,13,44,55,165,81,224,265,348,293,217,1,178,212,295,129,40,57,125,126,91,128,21,272,332,182,345,23,66,186,25,226,112,189,130,147,317,54,17,343,82,278,124,311,35,240,220,239,8,312,19,24,252,233,285,99,100,353,303,152,225,161,79,288,45,135,118,349,211,256,188,251,283,321,50,255,326,18,205,88,257,331,301,344,279,63,38,59,328,275,241,291,329,319,104,120,131,213,62,176,122,304,157,237,83,149,51,72,73,39,84,65,75,31,107,121,227,276,221,68,203,177,175,41,144,151,270,14,26,78,3,260,183,191,277,32,280,258,199,196,148,140,110,264,155,85,105,71,166,187,356,347,137,86,136,323,20,133,74,259,16,254,195,95,127,132,245,0,123,169,97,236,281,139,158,242,76,146,354,302,198,4,145,103,134,289,231,193,210,286,324,359,274,92,172,351,102,194,34,48,190,327,200,29,2,305,271,167,261,33,218,70,219,164,339,7,58,181,5,138,292,77,300,204,168,253,119,163,299,15,335,170,266,228,162,117,346,202,337,263,223,67,61,96,235,320,207,180,87,273,297,316,197,249,94,116,322,90,150,69,173,306,313
10,357,13,299,159,334,250,204,152,260,216,235,141,171,163,187,36,305,143,228,340,72,95,149,308,137,93,270,244,92,267,352,213,25,338,186,255,296,348,42,309,262,19,321,336,184,226,121,291,239,132,264,97,327,6,153,304,125,276,268,208,71,314,195,162,322,350,328,104,151,237,3,284,318,206,101,316,63,111,107,179,297,87,96,288,154,201,275,64,329,274,109,269,313,315,59,150,22,277,44,55,138,81,224,265,210,293,1,245,196,303,295,158,40,112,135,126,300,115,127,266,34,145,32,167,8,326,241,358,84,189,130,353,294,280,106,68,24,100,283,85,302,240,50,28,15,183,282,123,219,30,118,310,247,155,212,351,26,86,99,38,129,116,21,122,73,347,232,29,257,108,356,76,192,220,102,198,168,259,217,271,45,263,258,287,292,0,164,140,160,222,243,175,75,157,242,177,53,199,319,49,281,254,67,317,166,354,209,9,335,211,161,134,236,139,169,82,146,74,229,324,133,103,39,330,343,223,311,60,178,41,221,66,325,215,147,359,191,62,79,341,51,256,349,231,331,61,249,238,78,14,339,148,190,117,202,31,332,261,37,301,58,2,181,12,35,194,144,200,203,312,56,172,188,248,289,218,193,253,136,65,88,91,251,128,346,176,17,90,333,182,57,342,205,355,323,124,80,233,170,54,185,272,20,114,43,11,320,273,113,119,197,207,77,246,110,23,234,344,227,230,279,180,52,131,46,33,290,89,5,298,337,174,252,47,83,27,120,165,7,278,307,105,285,70,18,98,214,156,16,142,94,48,286,225,345,69,173,306,4
10,357,355,303,159,334,250,333,42,209,216,234,141,296,37,285,36,93,251,298,340,239,342,124,308,257,60,229,244,171,43,238,232,246,338,294,282,192,248,47,56,225,80,142,336,24,358,160,174,28,106,341,115,30,6,118,12,35,114,268,208,284,82,343,330,108,350,161,243,321,184,153,52,318,206,101,185,27,111,214,179,310,156,90,267,154,201,53,64,9,233,109,269,89,54,287,150,22,13,44,55,165,81,224,265,348,293,217,1,178,212,295,129,40,353,125,126,8,112,21,211,332,283,69,32,127,320,249,86,128,107,17,147,123,45,188,11,50,288,307,205,215,207,167,49,18,301,152,309,231,230,113,162,33,57,255,177,79,349,262,351,326,136,222,325,272,235,218,143,182,352,314,46,315,91,88,194,247,331,312,344,279,63,38,59,328,275,241,291,329,319,104,120,131,213,62,176,122,304,157,237,83,149,51,72,73,39,84,65,75,31,189,121,227,276,221,68,203,19,175,41,144,151,270,14,26,78,3,260,183,191,277,23,280,258,199,196,148,140,110,264,155,85,105,71,166,187,356,347,137,226,135,323,20,133,74,259,16,254,195,95,66,132,245,0,317,169,97,236,322,139,158,242,76,146,354,302,198,4,145,103,134,289,252,193,210,286,324,359,274,92,172,278,102,311,34,48,190,327,200,29,2,305,271,220,261,100,130,70,219,164,339,7,58,181,5,138,292,77,300,204,168,253,119,163,299,15,335,170,266,228,99,117,346,202,337,263,223,67,61,96,256,186,240,180,87,273,297,316,197,25,94,116,281,98,290,345,173,306,313
10,357,63,126,317,334,250,84,42,28,80,347,223,296,34,35,311,112,178,298,340,49,265,307,345,324,339,229,244,278,50,238,48,40,206,302,19,1,219,254,61,92,190,218,326,188,239,14,110,88,132,147,306,111,6,222,44,215,176,268,242,167,312,33,330,274,350,138,145,124,72,297,52,318,162,101,168,27,199,115,54,177,128,90,273,11,201,53,228,32,230,109,65,113,4,213,319,165,208,12,75,251,56,256,225,286,344,246,74,31,349,295,158,66,134,57,170,91,97,21,272,280,140,308,276,187,118,192,205,24,232,130,277,343,155,285,157,264,133,257,41,194,227,68,159,62,314,282,156,67,161,123,106,327,255,149,322,166,214,81,181,220,267,321,70,263,303,173,29,151,105,43,269,261,247,102,236,240,139,7,284,82,117,336,136,36,287,78,83,20,248,163,86,60,144,59,98,5,93,0,210,259,191,196,354,204,260,224,253,114,270,153,76,183,2,209,38,141,310,289,146,120,305,299,325,164,216,142,107,335,241,37,258,103,359,271,171,355,352,96,207,73,79,95,137,160,100,243,85,108,266,148,356,135,26,202,304,249,316,189,252,125,337,172,30,341,234,283,300,221,9,131,13,281,180,309,294,320,275,174,342,51,69,231,87,323,195,200,152,315,182,89,25,237,17,127,358,129,235,104,338,184,8,331,71,262,58,154,186,292,328,185,193,291,122,211,23,18,301,346,55,99,245,143,333,46,15,45,77,121,64,22,313,179,47,198,217,94,175,3,293,233,212,279,348,329,169,203,332,197,16,150,116,353,119,290,351,39,226,288
10,357,289,46,159,6,250,333,328,134,64,319,101,253,351,132,42,205,265,298,340,49,182,143,144,270,11,35,244,260,53,238,318,25,184,69,162,86,313,114,52,206,80,296,81,262,231,354,321,171,245,122,145,88,215,54,96,334,218,268,290,63,41,154,51,107,210,121,17,195,280,242,220,232,40,50,343,92,254,297,71,332,18,140,257,55,267,4,112,219,191,65,153,137,30,125,209,165,208,44,75,251,60,256,85,180,344,7,305,178,320,230,168,66,224,194,100,91,176,21,272,103,139,308,276,126,118,172,358,24,312,68,277,294,73,285,0,264,133,240,259,359,174,34,303,62,314,282,156,67,2,123,337,226,281,149,138,160,302,142,141,131,266,95,212,263,239,216,29,269,278,43,315,336,323,102,236,124,58,84,164,207,252,93,248,3,115,78,83,9,136,243,175,56,202,348,193,157,279,355,196,79,37,146,27,155,311,339,70,32,247,241,356,227,199,26,273,72,151,316,324,5,74,325,8,108,347,234,258,283,275,148,163,89,350,309,284,291,90,110,326,1,222,105,113,38,187,271,213,15,331,48,33,20,47,177,261,16,292,179,22,341,198,192,304,317,287,349,166,307,98,45,13,255,99,225,77,237,217,183,170,147,203,185,97,116,104,229,189,274,301,310,152,19,57,300,352,188,327,200,211,161,201,109,286,338,106,293,31,228,295,330,117,23,181,246,322,36,214,167,204,158,353,119,135,221,128,335,342,299,130,14,76,346,39,127,190,223,329,61,233,235,111,28,82,87,169,150,288,197,249,94,12,120,129,345,186,173,306,59
10,357,355,46,159,331,54,142,42,296,216,234,141,15,176,310,201,111,245,350,307,49,102,65,188,235,233,325,244,153,84,320,169,246,185,181,282,165,58,328,250,170,149,164,92,117,268,210,346,266,345,263,306,16,87,118,322,267,286,324,332,157,200,224,289,126,35,44,228,187,81,110,348,160,298,278,259,304,189,220,207,158,116,288,221,253,124,8,255,293,258,271,119,343,211,52,321,98,316,318,347,193,9,177,301,305,104,336,319,183,99,274,91,86,261,17,64,139,88,55,18,344,3,66,311,162,41,68,156,24,93,4,100,148,133,281,161,338,50,194,205,130,240,222,137,270,199,227,114,351,79,122,106,147,136,96,342,13,198,60,196,226,113,191,275,178,150,173,326,182,174,38,19,264,335,359,61,27,334,280,272,241,63,62,314,33,218,28,291,7,39,279,166,208,254,172,83,175,353,20,109,230,303,276,273,140,6,341,151,243,53,337,134,73,260,313,195,146,11,121,115,277,75,77,59,143,223,184,327,129,180,203,37,297,215,251,145,308,302,252,262,155,256,12,214,247,242,78,197,22,131,190,152,284,67,356,82,47,269,292,287,95,127,1,76,25,225,120,171,128,135,45,105,36,51,354,300,43,32,323,103,349,179,108,339,48,285,340,239,295,283,229,192,85,132,312,204,294,212,123,56,315,89,74,26,30,154,34,31,2,333,309,107,167,330,163,138,70,299,248,5,144,209,213,219,232,80,97,14,101,40,23,112,29,265,186,358,0,21,168,257,237,202,217,290,238,352,71,57,206,249,94,72,125,90,231,69,329,236,317
10,357,355,46,337,334,250,333,135,209,136,234,141,296,37,113,105,187,143,277,5,356,342,307,308,247,60,229,244,359,43,238,254,246,338,294,282,148,248,47,56,262,76,142,149,309,358,121,174,28,132,341,306,30,6,222,12,215,114,268,208,284,314,11,330,15,350,325,243,352,72,153,52,318,206,101,185,27,111,214,179,310,273,235,267,154,117,53,64,9,230,109,269,89,183,107,150,22,219,44,55,165,13,224,265,348,293,217,155,178,216,295,158,40,57,125,126,91,77,21,252,332,182,345,32,66,186,25,226,112,189,130,147,123,54,17,84,7,278,162,311,35,240,152,168,8,312,19,110,0,233,285,127,100,353,303,207,322,161,79,288,45,169,118,349,211,256,188,251,283,298,50,255,326,18,205,88,31,331,99,344,279,63,38,317,328,173,241,291,329,319,90,196,131,213,335,176,129,304,157,237,39,236,220,184,192,202,343,287,137,70,297,160,227,195,221,68,339,177,175,41,144,151,270,14,300,78,3,260,315,1,133,163,139,74,191,140,85,302,264,204,245,16,36,119,166,93,49,106,98,289,180,159,347,87,24,263,73,292,276,218,301,223,67,272,181,97,261,26,62,42,122,346,138,95,354,120,198,164,145,103,134,86,231,193,210,58,324,320,274,92,172,351,102,194,34,48,190,327,200,29,2,305,253,167,313,33,71,257,266,4,203,82,286,59,340,80,259,171,96,170,239,228,128,23,75,108,225,258,20,271,124,201,81,83,323,232,242,65,61,336,104,146,51,212,321,280,199,316,197,249,94,116,281,299,290,69,275,115,156
10,357,219,212,255,334,250,333,356,136,216,234,196,70,37,113,331,256,143,298,340,49,182,283,308,278,73,270,244,99,43,238,232,25,338,102,19,211,248,42,56,262,80,142,336,285,226,24,174,352,132,110,115,30,108,311,292,215,205,268,208,284,314,11,330,229,350,325,243,192,348,3,157,318,206,101,185,343,277,321,273,323,156,153,267,154,201,53,64,9,233,109,130,189,88,65,150,310,199,242,50,165,81,224,193,54,259,359,245,282,76,295,158,40,112,96,100,220,26,118,180,288,227,290,29,8,122,251,129,344,89,269,190,217,326,317,354,121,351,307,163,221,13,55,197,247,301,177,309,155,230,320,74,302,36,134,126,128,161,95,254,149,342,222,349,272,98,291,160,32,296,46,246,257,91,186,183,18,293,123,75,258,63,263,39,47,275,175,83,329,60,97,303,114,52,84,151,1,304,171,210,104,125,21,184,355,68,187,133,353,324,22,209,280,176,5,116,20,265,12,27,44,124,264,252,6,358,90,328,45,276,77,93,35,79,58,152,145,4,106,322,86,41,105,286,62,137,214,167,148,23,48,297,237,179,178,315,332,146,327,241,202,341,204,111,188,139,144,200,168,260,231,253,159,103,92,135,127,16,7,195,339,78,141,239,33,71,85,312,274,198,172,279,147,194,34,59,57,17,300,191,2,305,271,213,261,66,218,31,0,164,51,117,313,181,225,138,120,162,236,294,337,240,119,319,299,15,335,170,266,228,14,166,346,287,72,38,223,67,61,289,235,203,207,82,87,169,107,316,28,249,94,347,281,131,345,69,173,306,140
10,357,355,46,74,334,250,333,162,310,216,234,141,70,108,113,155,277,143,352,340,49,264,307,308,278,149,99,244,95,43,72,232,25,254,186,19,211,105,47,56,262,157,142,336,190,226,121,174,239,132,140,115,30,6,84,12,347,114,268,208,284,314,11,330,322,350,325,104,23,237,3,97,318,243,101,185,27,111,214,179,38,156,90,257,154,201,192,64,329,230,109,269,89,315,65,150,22,144,44,55,165,81,224,265,54,153,301,292,178,303,209,158,40,122,96,263,91,128,75,60,85,280,290,276,8,349,241,358,134,189,130,205,148,166,57,68,24,100,283,256,273,217,50,320,33,359,282,285,219,233,118,337,343,331,212,258,319,287,270,356,131,53,344,112,98,259,253,296,267,252,17,77,169,222,194,312,124,67,187,227,28,126,348,288,291,188,78,341,137,286,206,354,210,171,147,317,202,93,215,238,52,164,125,163,110,199,173,302,184,311,260,297,161,298,176,196,338,0,29,177,32,159,345,328,37,272,293,309,80,245,247,295,1,127,15,327,294,191,36,182,275,103,248,323,203,240,62,51,20,242,136,71,9,133,324,353,16,86,195,251,79,106,342,304,193,59,198,300,221,135,45,13,255,146,175,35,123,4,145,332,213,289,231,225,18,220,41,279,274,92,172,152,117,102,34,139,48,183,200,42,2,305,271,167,261,66,218,31,151,351,339,7,58,181,5,138,120,76,236,204,168,180,119,73,299,313,335,170,266,228,14,321,346,39,21,63,223,26,61,246,235,326,207,82,87,88,107,316,197,249,94,116,281,129,229,69,160,306,83
10,357,346,51,159,279,117,333,317,209,155,190,37,166,296,61,345,100,289,206,340,120,253,153,228,257,66,138,244,165,236,39,122,139,338,292,175,73,248,105,56,274,80,181,288,223,9,348,321,185,132,356,115,170,330,8,5,327,131,3,234,32,299,245,163,48,196,130,286,108,202,335,75,199,343,25,355,121,313,281,347,44,27,319,29,154,101,337,310,45,71,256,267,287,342,302,125,114,1,269,137,171,62,189,97,148,212,210,176,15,164,23,304,40,129,30,280,323,208,146,211,109,225,118,191,127,320,214,251,78,297,17,147,123,326,188,11,314,351,240,194,215,207,167,49,18,183,84,276,231,230,113,107,33,198,46,19,79,349,262,278,106,136,222,259,272,235,283,85,182,352,16,303,315,91,311,205,247,53,4,26,216,63,68,260,55,275,12,291,180,60,102,64,252,52,7,151,204,72,350,2,112,83,21,93,241,358,229,178,336,324,168,14,221,218,331,104,90,307,6,110,328,162,133,86,344,174,268,59,145,77,220,284,38,329,200,258,201,24,300,213,254,143,99,334,36,266,341,47,298,158,318,74,94,184,126,325,82,242,309,195,290,54,197,177,172,273,111,31,65,70,98,156,359,92,96,246,141,316,301,103,124,22,332,41,312,243,186,308,88,263,160,179,152,203,81,13,50,193,265,144,237,89,293,95,270,354,135,339,43,42,217,322,227,232,192,282,128,255,57,264,250,238,76,0,277,58,34,142,161,116,353,150,239,271,305,119,169,67,28,149,233,285,226,157,87,294,295,134,249,35,20,219,224,140,261,69,173,306,187
10,357,355,46,337,334,250,333,42,209,216,234,231,296,76,359,36,93,300,298,340,273,225,307,308,247,60,229,244,95,43,238,48,77,338,123,19,73,248,47,56,262,190,218,286,309,149,121,174,236,132,106,306,30,6,161,12,17,114,268,208,167,314,33,330,274,350,266,243,193,72,153,52,318,29,354,168,27,252,214,179,310,97,90,267,154,201,53,64,9,230,109,269,89,315,65,145,22,242,44,55,165,61,224,265,348,293,217,245,178,212,295,158,170,317,99,126,91,128,21,272,332,7,345,23,127,186,191,358,336,312,0,4,294,289,82,241,215,100,34,256,299,240,50,28,162,81,282,303,219,233,118,66,211,137,285,180,111,222,146,101,223,49,112,349,210,324,188,251,283,321,261,255,326,18,102,88,257,331,301,195,279,63,38,263,328,173,171,147,329,163,104,138,131,213,62,176,122,304,157,237,83,13,220,184,192,202,343,287,98,70,297,160,227,276,67,68,181,177,175,41,313,151,270,14,26,78,3,260,183,25,277,32,280,258,199,129,148,140,5,264,155,2,105,71,166,187,356,271,353,86,136,323,20,346,74,259,16,103,344,84,335,341,204,322,134,139,144,200,351,87,196,253,305,288,198,342,79,254,117,291,339,133,141,352,35,24,164,124,108,92,8,194,205,302,113,232,80,115,143,206,58,37,347,284,51,11,142,278,319,311,57,182,85,203,110,45,292,246,1,119,185,96,239,130,31,15,125,40,325,228,172,150,54,39,159,59,120,221,189,226,235,320,207,152,135,169,107,316,197,249,94,116,281,75,290,69,275,327,156
10,357,355,46,159,334,250,333,42,209,216,234,141,296,37,113,36,93,143,298,340,49,342,307,308,247,60,229,244,95,43,238,232,246,338,294,282,73,248,47,56,262,80,142,336,309,358,121,174,28,132,341,115,30,6,222,12,215,114,268,208,284,314,11,330,108,350,325,243,352,72,153,52,318,206,101,185,27,111,214,179,310,156,90,267,154,201,53,64,9,230,109,269,89,315,290,150,22,242,44,55,165,81,224,265,348,293,217,245,178,212,295,281,40,57,125,126,91,128,21,272,332,182,345,23,66,186,25,226,112,189,130,147,123,54,17,84,82,278,124,311,35,240,51,239,8,312,19,24,0,233,285,127,100,353,303,152,322,161,79,288,45,139,118,349,211,256,188,251,283,321,50,255,326,18,205,88,257,331,301,344,279,63,38,59,328,275,241,291,329,319,104,120,131,213,62,176,122,304,157,237,83,96,220,184,192,202,343,287,98,70,297,160,227,276,221,68,203,177,175,41,144,116,270,14,26,78,3,260,183,191,277,32,280,258,199,196,148,140,110,264,155,85,105,71,166,187,356,347,137,86,136,323,20,133,74,259,16,254,75,171,99,106,1,252,317,273,313,300,225,135,129,13,76,146,354,302,198,4,145,103,134,289,231,193,210,286,324,359,274,92,172,351,102,194,34,48,190,327,200,29,2,305,271,167,261,33,218,31,219,164,339,7,58,181,5,138,292,77,236,204,168,253,119,163,299,15,335,170,266,228,162,117,346,39,337,263,223,67,61,149,235,320,207,180,87,169,107,316,197,249,94,151,158,195,65,69,173,306,97
10,357,100,27,159,214,204,333,71,112,282,44,349,172,9,306,353,325,272,206,294,285,147,67,242,35,155,233,244,298,241,39,66,166,198,99,213,284,313,277,56,146,350,208,7,199,74,64,158,85,245,50,255,267,215,165,156,301,207,268,26,153,117,288,130,96,178,256,84,186,80,139,220,31,328,338,344,149,355,189,290,113,265,314,320,38,259,296,134,83,191,110,151,201,274,132,195,167,49,302,92,16,202,163,72,97,24,217,106,28,118,276,321,356,342,331,143,18,115,194,211,271,88,29,138,246,73,68,65,327,89,122,190,5,326,136,273,121,227,307,93,94,37,152,308,278,225,261,309,54,230,193,120,34,319,310,175,358,102,291,13,168,135,222,269,25,98,17,160,87,59,212,19,336,216,161,126,247,293,123,75,322,8,55,317,47,254,226,0,329,60,104,76,114,52,347,359,1,304,171,210,243,224,141,184,86,51,187,181,36,340,339,209,280,185,148,275,237,53,133,79,234,124,264,252,174,57,90,262,231,164,77,289,48,258,58,279,228,140,91,352,157,41,105,286,62,287,257,200,196,219,111,297,348,203,4,20,312,103,82,101,324,341,248,354,129,137,144,236,351,323,145,173,182,315,95,43,40,2,69,205,22,229,21,188,180,108,283,33,232,11,70,142,162,250,6,334,332,316,23,150,218,81,109,128,192,63,12,127,177,119,46,107,197,179,330,281,305,303,125,251,239,253,295,292,299,15,335,170,266,240,14,154,346,238,183,263,223,337,61,78,235,260,300,343,32,169,318,3,311,249,45,30,221,131,345,270,116,176,42
10,357,355,46,159,334,250,333,42,209,216,234,141,296,37,113,36,93,143,298,340,49,342,307,308,247,60,229,244,95,43,238,232,246,338,294,282,73,248,47,56,262,149,142,336,309,358,121,174,28,132,341,306,30,6,222,12,215,114,268,208,284,314,11,349,108,233,86,226,352,72,15,52,318,319,323,241,27,111,214,202,310,99,24,267,154,201,53,64,9,230,109,119,89,315,65,150,22,39,44,55,165,81,224,265,348,293,217,245,178,212,295,158,228,57,125,126,91,128,21,272,332,182,345,23,66,186,25,243,112,189,130,147,123,54,17,84,82,278,124,311,35,240,51,239,8,312,19,90,0,350,285,127,100,353,303,152,322,161,79,288,45,139,118,330,211,256,188,251,283,153,50,255,326,18,205,88,257,331,301,344,279,63,38,59,328,173,185,291,329,206,104,120,131,213,62,176,122,304,157,237,83,96,220,184,192,179,343,287,98,70,297,160,227,276,221,68,207,177,175,249,144,151,270,14,26,78,3,260,183,191,277,32,280,258,199,196,148,140,110,75,155,85,105,71,166,187,356,347,137,325,136,101,20,133,74,259,16,254,195,171,97,106,1,252,317,273,313,300,225,135,129,13,76,146,354,302,198,4,145,103,134,289,231,193,210,117,324,359,274,92,172,351,102,67,34,48,190,327,200,29,2,263,162,167,261,33,218,31,219,164,339,7,58,181,5,138,292,77,236,204,168,253,269,163,299,321,335,264,266,40,271,286,346,242,337,305,235,194,61,80,115,87,203,180,320,169,107,316,197,41,94,116,281,170,290,69,275,223,156
244,223,61,145,27,168,297,191,340,262,122,207,51,76,288,270,138,66,87,315,90,178,118,231,218,7,222,325,251,184,67,277,212,229,1,130,236,328,38,221,248,246,44,186,279,48,83,20,108,72,58,37,176,4,114,84,260,143,291,249,158,166,154,156,210,95,89,234,303,185,148,310,10,103,247,242,128,131,351,201,225,161,214,330,275,163,22,23,28,68,253,24,50,18,250,14,183,5,102,227,132,359,151,295,120,265,6,35,287,91,220,101,349,204,264,180,293,271,43,106,0,81,352,305,155,266,42,25,165,170,33,257,307,300,57,160,80,348,100,195,342,40,322,52,117,211,281,129,82,219,233,256,12,78,142,3,228,334,255,284,323,39,15,216,93,332,226,194,240,116,327,319,343,73,200,41,355,306,336,335,107,136,309,261,318,19,79,64,347,316,290,109,280,241,75,162,97,196,63,292,127,150,182,356,146,121,198,321,294,125,88,314,304,54,187,85,141,273,71,263,324,137,179,339,171,235,353,197,47,341,299,157,312,354,172,203,286,329,199,230,289,217,123,357,105,208,276,32,278,45,110,358,326,86,181,243,338,283,149,11,21,267,258,104,296,111,92,65,49,202,31,317,2,252,70,213,331,206,345,193,333,169,269,190,177,133,112,302,34,17,16,8,224,59,144,113,350,238,56,119,311,215,205,140,53,268,344,237,29,153,301,175,124,285,26,274,147,9,36,346,55,99,74,209,13,46,189,60,77,282,298,337,174,320,188,62,272,94,69,192,232,164,98,254,126,239,30,96,313,115,139,167,152,135,173,245,308,134,259,159
10,357,355,46,159,331,54,333,42,154,216,234,141,15,176,310,201,111,245,350,340,49,102,65,188,235,233,325,244,153,84,320,169,246,185,123,282,165,58,328,56,170,149,164,92,117,31,210,346,266,132,263,306,212,87,118,322,267,286,324,332,157,200,224,289,126,35,44,228,187,81,110,348,160,298,278,259,304,189,220,207,158,116,192,221,253,124,8,255,293,258,271,119,343,211,315,321,98,316,318,347,193,9,177,301,89,104,336,319,183,99,274,91,86,261,17,64,139,295,55,18,344,3,66,311,162,41,68,239,24,93,4,100,294,133,281,161,338,50,107,205,2,240,167,137,270,285,227,114,34,79,122,106,147,136,96,342,13,198,60,196,226,113,191,275,178,150,173,326,182,174,38,19,264,335,359,61,27,334,280,272,241,63,62,314,33,218,28,291,7,39,279,166,309,254,172,83,175,353,20,109,230,303,276,273,140,6,341,151,243,53,337,134,73,260,313,195,146,11,121,115,277,75,77,59,143,223,184,327,129,180,203,37,297,215,251,145,308,302,252,262,229,256,12,214,247,242,78,197,22,131,190,85,284,67,356,82,47,269,292,287,30,127,1,76,25,225,120,171,74,135,45,105,36,51,354,300,43,32,26,103,349,179,108,339,48,199,307,156,88,142,155,288,152,345,219,312,148,16,181,250,52,305,128,323,95,296,351,268,130,283,208,194,222,330,163,138,70,299,248,5,144,209,213,204,232,80,97,14,101,40,23,112,29,265,186,358,0,21,168,257,237,202,217,290,238,352,71,57,206,249,94,72,125,90,231,69,329,236,317
10,357,355,100,337,334,250,0,42,28,216,234,231,296,76,359,311,112,300,298,340,49,225,307,308,299,125,229,244,95,43,238,48,40,206,294,282,73,248,254,56,51,190,218,336,342,149,325,174,236,132,37,306,30,6,222,12,215,114,268,208,167,314,33,330,274,350,266,243,240,72,153,52,318,29,101,168,27,85,214,54,310,97,90,267,11,201,53,228,9,230,109,269,89,315,65,145,22,242,44,119,165,61,159,265,348,293,217,245,178,212,295,158,170,317,185,126,57,128,21,272,332,59,345,223,66,186,25,226,288,15,130,147,302,1,17,84,82,31,124,324,35,92,261,239,172,312,19,24,163,115,285,8,205,353,303,152,34,161,58,146,45,273,278,349,211,256,188,162,283,321,50,255,326,18,102,88,257,347,246,195,279,63,38,263,328,173,80,4,329,219,143,138,131,213,194,176,122,304,157,237,83,291,220,184,192,202,198,287,98,79,297,160,227,276,67,68,181,177,175,41,313,151,270,14,133,78,81,260,339,191,277,32,280,352,199,129,148,140,5,264,155,141,105,71,166,187,319,271,284,86,117,323,20,289,96,259,16,103,232,241,335,341,204,111,134,139,144,164,351,87,196,253,305,286,343,309,70,39,110,13,183,26,2,258,247,108,200,322,93,182,113,62,210,123,127,358,171,235,104,338,354,106,331,137,262,142,154,118,292,36,91,193,252,107,136,23,356,301,346,55,99,74,209,333,46,189,60,77,121,64,251,120,179,47,224,7,94,69,3,344,233,320,207,180,135,169,203,316,197,249,150,116,281,75,290,221,275,327,156
10,357,355,46,159,334,250,333,42,209,216,234,141,296,37,113,36,93,143,298,340,49,342,307,308,247,60,229,244,95,43,238,232,246,338,294,282,73,248,47,56,262,149,142,336,309,358,121,174,28,132,341,306,30,6,222,12,215,114,268,208,284,314,11,330,108,350,325,243,352,72,15,52,318,206,101,185,27,111,214,179,310,97,90,267,154,201,53,64,9,230,109,119,89,315,65,150,22,39,44,55,165,81,224,265,348,293,217,245,178,212,295,158,228,57,125,126,91,128,21,272,332,182,345,23,66,186,25,226,112,189,130,147,123,54,17,84,82,278,124,311,35,240,346,239,299,312,19,24,0,233,285,127,100,353,303,152,322,161,79,288,45,139,118,349,211,256,188,251,283,321,50,255,326,18,205,88,257,331,301,344,266,63,38,59,328,173,241,291,329,319,104,120,131,213,62,176,122,304,157,61,83,96,220,184,192,202,343,287,98,70,297,160,227,276,221,68,203,177,175,41,144,151,253,14,26,78,3,260,337,168,277,32,280,258,199,196,148,140,110,170,155,85,105,71,166,187,356,347,137,86,136,323,20,133,163,259,16,254,195,171,99,106,1,252,335,273,313,300,225,135,129,13,76,146,354,302,198,4,145,103,134,289,231,193,210,117,324,359,274,92,172,351,102,67,34,48,190,327,200,29,2,263,162,167,261,33,218,31,219,164,339,7,58,181,5,138,292,77,236,204,191,270,269,74,8,153,317,264,279,40,271,286,51,242,183,305,235,194,237,80,115,87,207,180,320,169,107,316,197,249,94,116,281,75,290,69,275,223,156
10,357,15,46,159,334,250,299,42,209,216,223,117,296,37,113,36,93,143,298,340,49,170,307,308,163,60,229,244,95,43,238,232,246,337,294,282,73,248,253,56,262,80,142,336,309,236,121,174,28,132,316,115,30,6,200,12,215,114,268,208,284,119,11,330,108,350,325,243,352,72,153,305,318,206,101,185,29,111,214,179,77,156,207,339,228,201,53,64,9,266,109,269,87,315,290,150,22,242,44,55,165,327,181,265,348,293,217,245,178,212,292,281,40,195,125,126,91,128,21,272,332,182,345,23,66,186,25,226,112,189,130,147,123,54,17,168,82,278,124,311,35,240,51,239,8,312,19,24,0,233,204,127,58,353,138,152,5,161,79,288,45,139,118,349,211,67,188,251,283,321,50,255,326,18,107,88,257,331,301,344,279,63,38,59,167,275,241,291,261,197,164,39,131,213,62,176,122,304,157,237,83,96,220,235,192,202,65,287,98,180,297,160,227,276,221,190,218,177,175,346,144,116,270,14,26,78,3,260,183,335,277,32,280,258,199,196,2,140,110,264,155,219,105,71,166,187,356,347,137,86,136,31,20,133,74,259,16,320,75,171,99,106,1,252,33,273,313,300,225,135,129,13,76,146,354,61,151,4,145,103,134,289,271,193,210,286,324,359,274,92,172,351,7,194,34,48,68,81,222,27,148,52,231,328,329,317,203,323,85,263,267,102,100,224,322,303,295,162,358,285,84,47,249,158,333,355,191,342,230,154,149,141,41,120,338,104,234,169,302,310,184,254,90,70,89,256,205,341,319,314,94,198,247,57,343,69,173,306,97
10,357,355,63,188,72,250,333,42,209,279,175,141,296,37,359,36,93,143,298,326,237,342,307,308,177,60,324,244,171,43,238,232,246,338,294,282,192,248,47,56,262,205,142,336,331,358,160,174,28,106,341,327,305,6,222,12,215,114,268,208,167,221,11,330,274,350,325,243,193,184,153,52,318,29,101,185,27,111,214,179,310,156,90,267,154,201,200,64,9,230,241,269,89,315,287,150,22,227,44,55,165,81,224,265,286,293,217,131,178,212,295,129,40,57,125,18,91,128,21,272,332,182,345,23,251,186,25,226,112,189,130,147,317,54,17,120,219,278,124,311,35,92,220,271,73,312,256,24,252,233,122,99,100,353,303,152,194,161,79,288,181,180,105,195,31,19,159,66,95,0,169,191,38,126,190,138,257,309,297,164,216,46,340,273,51,121,109,254,173,276,13,39,1,213,172,33,285,48,132,49,83,258,155,334,62,68,127,228,119,3,337,218,70,82,314,343,140,247,234,145,144,151,270,14,26,78,211,260,183,255,277,32,280,149,351,196,148,203,110,264,328,2,118,71,166,187,356,347,137,86,136,323,20,133,74,259,16,291,349,283,84,157,245,321,123,50,97,236,322,139,158,242,76,146,354,302,198,4,41,103,134,289,231,352,299,102,229,34,108,240,8,199,348,225,113,135,80,115,53,206,85,30,239,284,320,176,98,104,319,344,339,7,58,45,5,88,292,77,300,204,168,253,75,163,210,15,335,170,266,65,162,117,346,202,107,263,223,67,61,96,235,261,207,304,87,59,301,316,197,249,94,116,281,275,290,69,329,306,313
10,357,355,63,188,72,250,333,42,209,279,175,141,296,37,113,36,93,143,298,326,237,342,307,308,177,60,229,244,171,43,238,232,246,338,294,282,192,248,47,56,262,205,142,336,331,358,160,174,28,106,341,115,30,6,222,12,215,114,268,208,284,221,11,330,108,350,325,243,352,184,153,52,318,206,101,185,27,111,214,179,310,156,90,267,154,201,53,64,9,230,241,269,89,315,287,150,22,104,44,55,165,81,224,265,348,293,217,131,178,212,295,129,40,57,125,18,91,128,21,272,332,182,345,23,251,186,25,226,112,189,130,147,317,54,17,120,319,278,124,311,35,240,220,239,73,312,256,24,252,233,122,99,100,353,303,152,225,161,79,288,181,180,105,195,31,19,159,66,95,0,169,191,38,126,80,138,257,309,297,164,216,46,340,273,51,121,109,254,173,276,13,39,1,213,172,176,285,48,132,49,83,258,155,334,8,68,127,228,119,3,337,98,70,82,314,343,140,247,234,145,144,151,270,14,26,78,211,260,183,255,277,32,280,149,199,196,148,203,110,264,328,85,118,71,166,187,356,347,137,86,136,323,20,133,74,259,16,291,349,283,84,157,245,321,123,50,97,236,322,139,158,242,76,146,354,302,198,4,41,103,134,289,231,193,210,286,324,359,274,92,62,351,102,194,34,304,190,327,200,29,2,305,271,167,261,33,218,227,219,344,339,7,58,45,5,88,292,77,300,204,168,253,75,163,299,15,335,170,266,65,162,117,346,202,107,263,223,67,61,96,235,320,207,135,87,59,301,316,197,249,94,116,281,275,290,69,329,306,313
10,357,355,46,159,334,250,333,42,209,216,234,141,296,37,113,36,93,143,298,340,49,342,307,308,247,60,229,244,171,43,238,232,246,338,294,282,192,248,47,56,262,80,142,336,309,358,160,174,28,106,341,115,30,6,222,12,215,114,268,208,284,314,11,330,108,350,325,243,352,184,153,52,318,206,101,185,27,111,214,179,310,156,90,267,154,201,53,64,9,230,109,269,89,315,287,150,22,13,44,55,165,81,224,265,348,293,217,1,178,212,295,129,40,57,125,126,91,128,21,272,332,182,345,23,66,186,25,226,112,189,130,147,317,54,17,343,82,278,124,311,35,240,220,239,8,312,19,24,252,233,285,99,100,353,303,152,225,161,79,288,45,135,118,349,211,256,188,251,283,321,50,255,326,18,205,88,257,331,301,344,279,63,38,59,328,275,241,291,329,319,104,120,131,213,62,176,122,304,157,237,83,149,51,72,73,39,84,65,75,31,107,121,227,276,221,68,203,177,175,41,144,151,270,14,26,78,3,260,183,191,277,32,280,258,199,196,148,140,110,264,155,85,105,71,166,187,356,347,137,86,136,323,20,133,74,259,16,254,195,95,127,132,245,0,123,169,97,236,322,139,158,242,76,146,354,302,198,4,145,103,134,289,231,193,210,286,324,359,274,92,172,351,102,194,34,48,190,327,200,29,2,305,271,167,261,33,218,70,219,164,339,7,58,181,5,138,292,77,300,204,168,253,119,163,299,15,335,170,266,228,162,117,346,202,337,263,223,67,61,96,235,320,207,180,87,273,297,316,197,249,94,116,281,98,290,69,173,306,313
10,357,355,46,159,334,51,333,42,209,216,234,141,296,37,113,36,93,143,2,138,49,342,183,308,247,60,229,244,95,43,320,232,5,338,294,282,73,58,47,56,262,149,164,92,309,305,121,167,28,132,341,306,30,6,222,12,219,114,268,208,284,181,11,330,339,350,325,117,352,359,15,31,318,206,101,185,80,111,107,351,310,317,75,267,154,201,53,64,9,230,214,200,263,315,65,150,289,39,44,55,165,81,224,265,348,293,217,245,178,212,295,158,228,316,125,126,91,191,21,272,231,7,162,23,66,324,25,153,112,189,130,298,123,54,17,84,82,278,124,311,35,240,346,239,299,210,270,286,0,233,285,127,100,353,303,102,322,161,79,261,190,139,118,279,211,29,188,251,8,321,50,77,326,18,205,274,257,331,301,344,266,63,38,264,328,173,241,291,329,319,104,235,131,213,62,176,122,304,157,61,83,96,220,184,192,238,343,287,98,237,297,172,193,276,34,290,67,177,175,41,144,151,253,14,26,78,3,260,337,168,277,32,280,258,199,269,218,140,57,170,155,85,105,71,166,187,204,347,137,86,136,323,20,133,163,259,33,254,195,292,99,106,281,252,335,273,313,300,225,48,129,13,76,146,354,302,198,4,145,103,134,22,332,227,40,243,186,116,88,207,160,179,152,203,221,135,45,110,147,256,194,89,345,174,288,16,142,115,215,169,108,182,248,314,246,340,171,255,109,356,128,19,196,275,283,226,97,59,349,312,223,24,250,148,307,358,120,197,180,27,52,202,336,70,87,242,236,327,249,119,94,72,1,90,68,69,74,271,156
10,357,355,46,159,334,51,333,42,209,216,234,141,296,37,113,36,93,143,2,138,49,342,183,308,247,60,229,244,95,43,22,232,218,338,294,282,73,199,47,56,262,149,164,92,309,194,4,167,28,280,300,306,30,6,222,12,219,114,78,208,284,181,11,330,269,350,325,117,352,359,15,31,318,206,101,85,80,198,107,351,310,317,195,267,154,201,53,64,9,230,236,327,263,315,65,150,289,39,44,55,165,146,224,265,20,293,217,245,163,212,295,158,228,316,99,126,91,191,21,272,337,354,162,155,66,324,25,153,112,189,130,249,123,54,17,140,82,278,124,353,35,240,346,239,299,210,270,71,0,233,285,127,100,225,347,102,170,161,79,261,190,139,118,279,211,29,188,251,8,321,50,277,326,254,205,274,257,331,13,344,266,63,38,264,260,173,292,291,329,319,104,235,131,213,166,176,122,304,157,61,83,96,220,184,192,87,343,287,98,133,323,172,193,313,34,290,67,177,175,41,168,151,301,14,26,129,90,136,231,276,77,134,48,258,58,339,252,137,106,322,23,185,105,286,62,160,281,303,84,203,132,297,348,273,178,88,332,103,75,241,125,341,214,7,57,171,144,200,311,328,196,253,305,288,111,180,145,121,5,18,256,320,33,227,40,243,186,116,259,207,187,179,152,86,221,135,45,110,119,32,76,89,345,174,81,16,242,115,215,169,108,182,248,314,246,340,237,255,109,356,128,19,268,275,283,226,97,59,349,312,223,24,250,148,307,335,120,197,302,27,52,202,336,70,238,142,204,358,298,147,94,72,1,3,68,69,74,271,156
10,357,203,46,159,6,250,333,328,338,64,319,101,70,351,132,42,205,265,298,340,49,182,26,144,247,11,99,244,311,109,238,318,155,184,292,162,86,313,193,52,206,80,296,81,262,185,27,167,284,245,110,271,88,215,54,96,334,218,268,290,48,181,154,19,258,72,121,17,179,204,242,220,232,40,50,343,301,254,201,71,89,116,140,257,55,293,4,112,219,22,157,151,113,304,283,243,165,208,44,75,251,56,256,225,180,344,7,74,300,320,295,158,66,341,57,100,91,97,21,272,103,352,308,276,187,118,172,327,24,189,68,277,294,73,285,0,264,133,240,79,359,183,38,303,62,314,282,156,67,161,123,106,226,281,149,322,160,214,142,141,131,47,105,212,31,239,287,29,269,278,43,353,336,323,102,236,124,234,217,108,207,148,326,136,36,188,78,83,20,248,209,266,60,65,35,114,202,93,84,210,259,252,196,354,25,260,224,253,176,270,153,76,92,2,143,261,146,310,69,324,120,305,299,325,164,216,58,107,125,291,37,87,332,194,85,171,355,59,122,279,1,41,95,137,34,126,145,199,195,138,63,356,135,175,5,315,249,316,15,191,339,337,192,30,317,347,213,178,221,9,45,13,255,348,309,302,349,275,174,342,51,289,231,32,18,286,222,312,274,227,241,152,147,350,166,139,115,358,200,230,237,297,53,321,134,198,267,263,130,211,307,229,128,117,233,331,3,77,104,280,168,273,119,98,330,23,335,170,8,228,14,33,346,39,127,190,223,329,61,246,235,111,28,82,163,169,150,288,197,16,94,12,177,129,345,186,173,306,90
10,357,355,46,337,334,250,333,42,209,180,234,141,296,37,113,36,93,143,87,5,49,342,307,308,247,60,229,244,359,43,238,292,246,338,294,282,73,248,47,56,262,138,142,149,309,358,121,174,28,132,341,306,30,6,222,12,215,114,268,219,284,314,11,330,15,350,325,243,352,72,153,52,318,206,101,185,27,111,214,179,310,97,235,267,154,117,53,64,9,230,109,269,89,315,67,150,22,242,44,55,165,81,224,265,348,293,217,245,178,212,295,158,40,57,125,126,91,128,21,272,332,182,345,23,66,186,25,226,112,189,164,147,123,54,17,84,82,278,124,311,35,240,51,239,8,312,19,24,0,233,285,127,100,353,303,152,322,161,79,288,45,139,31,349,211,256,188,251,283,321,50,255,326,18,205,88,257,331,301,344,279,63,38,59,328,275,241,291,329,319,104,120,131,213,62,176,122,304,157,237,83,96,220,184,192,202,343,287,98,70,297,160,227,276,221,68,203,177,175,41,144,151,270,14,26,78,3,260,183,191,277,32,280,258,199,196,148,140,110,264,155,85,105,71,166,187,356,347,137,86,136,323,20,133,74,259,7,254,195,171,99,106,1,252,317,273,313,300,225,135,129,13,76,146,354,302,198,4,145,103,134,289,231,193,210,286,324,95,274,92,172,351,102,194,34,48,190,327,200,29,2,305,271,167,261,33,218,118,208,130,108,16,58,181,340,80,232,77,236,204,168,253,119,163,299,339,335,170,266,228,162,201,346,39,159,263,223,65,61,336,90,320,207,216,298,169,107,316,197,249,94,116,281,75,290,69,173,115,156
