176,261,299,4,350,339,156,92,229,355,352,287,186,157,165,79,291,197,103,81,322,323,182,180,181,183,90,361,336,172,174,288,241,152,145,160,196,348,198,254,8,329,158,258,250,330,179,173,368,251,340,341,344,363,133,292,293,328,204,213,82,33,130,131,253,239,75,78,187,319,337,366,365,218,96,360,318,334,163,362,221,189,121,357,146,111,49,303,212,200,178,77,314,238,216,306,252,281,315,247,310,161,140,222,20,66,61,325,331,55,87,18,195,235,124,127,89,185,65,296,255,202,298,150,223,316,167,52,313,9,47,171,282,12,107,17,113,267,58,73,142,184,139,309,193,326,327,191,207,0,149,151,343,217,64,286,112,27,98,226,117,297,317,277,95,354,273,53,264,308,356,194,257,115,128,302,141,119,6,19,104,91,22,23,11,56,240,283,275,36,99,42,230,209,232,215,164,28,21,46,106,177,231,86,122,274,155,249,175,54,248,2,225,71,84,285,162,159,15,7,136,153,74,45,35,289,245,93,41,199,206,192,364,137,272,126,31,147,3,321,69,110,256,205,262,259,30,38,62,353,233,214,60,359,211,335,29,39,123,349,324,138,242,263,37,260,227,243,236,97,135,148,16,134,100,312,48,34,32,101,109,72,26,144,118,63,367,201,332,278,246,1,120,290,129,83,351,203,59,44,88,166,345,307,190,57,333,234,76,300,10,143,271,210,5,220,208,369,14,347,219,224,265,25,132,301,269,168,338,276,80,24,279,280,228,342,102,284,237,51,169,294,114,320,304,305,154,270,70,116,85,67,244,188,105,268,266,346,170,40,295,13,358,43,94,50,108,68,311,125
105,244,354,294,140,170,348,319,256,301,269,346,183,199,122,145,239,103,154,132,232,64,124,261,89,66,161,321,234,92,369,104,316,300,94,327,111,87,226,107,194,69,74,268,306,166,215,113,53,139,204,16,125,248,2,15,57,203,178,192,128,250,22,147,337,142,255,213,343,55,77,97,96,302,353,200,90,174,115,198,221,120,26,259,218,332,100,273,212,278,228,309,158,186,283,19,257,365,153,6,84,118,249,223,47,326,308,272,305,222,292,264,73,121,339,295,157,102,364,4,237,40,63,160,76,180,243,135,169,334,110,65,282,146,211,129,71,325,58,155,291,117,44,220,109,99,133,182,9,270,231,358,187,276,280,152,91,363,114,205,95,367,303,190,185,67,0,355,247,3,242,333,149,83,13,14,320,286,331,45,20,21,101,134,230,25,227,18,36,10,207,42,43,172,225,46,341,48,29,50,342,52,62,329,163,56,217,150,229,193,173,356,224,5,288,279,260,31,75,137,88,284,156,11,144,290,164,81,311,349,17,59,41,238,197,289,49,347,236,175,82,30,299,366,254,28,138,38,202,216,281,340,54,359,191,335,304,266,179,189,350,23,361,315,344,167,195,148,85,322,171,108,143,263,39,98,126,313,106,351,285,112,318,70,297,296,360,214,277,262,12,338,181,328,141,116,79,86,293,60,201,165,188,61,210,184,93,162,151,131,80,323,219,298,265,176,307,7,357,1,68,310,34,245,271,130,287,274,275,168,208,78,72,258,136,127,235,330,252,314,362,35,253,317,32,159,240,196,352,27,123,119,8,51,368,251,177,267,246,33,209,241,345,336,233,37,324,312,24,206
176,261,299,291,68,341,156,287,45,143,148,227,92,145,320,267,174,101,290,207,32,325,181,192,264,282,2,321,237,344,331,36,187,340,111,238,64,55,99,315,52,25,360,16,65,69,42,113,117,346,319,347,133,254,298,177,274,12,87,10,190,74,43,244,85,288,235,332,337,171,253,57,112,198,213,120,136,256,272,166,54,15,53,339,137,29,210,127,98,285,219,343,351,329,206,334,263,11,186,59,243,251,203,361,129,317,358,6,233,266,172,289,255,312,125,139,185,338,19,218,164,115,216,355,316,131,281,30,107,368,230,132,247,175,77,27,1,296,258,223,252,212,236,309,61,308,189,46,72,21,73,151,75,138,48,241,194,76,114,82,95,193,80,239,38,37,211,124,226,367,63,354,102,324,5,345,134,224,51,162,26,93,182,234,154,163,195,310,150,118,34,44,168,328,286,33,273,50,79,100,336,160,13,152,122,353,362,90,349,232,103,277,225,71,84,248,180,357,270,31,318,60,179,39,335,109,228,283,35,199,197,300,301,123,140,126,365,208,3,249,229,178,305,366,280,259,333,284,330,23,231,56,66,28,350,257,303,222,183,297,322,265,188,217,157,0,356,170,364,201,369,326,268,17,250,91,311,363,184,240,130,149,128,161,276,14,352,97,153,108,342,295,9,147,269,4,20,292,307,165,200,314,159,141,221,262,62,260,327,242,202,121,304,313,323,279,146,83,246,22,88,158,306,220,70,96,204,209,214,191,169,278,81,119,302,205,142,8,155,40,215,144,7,41,49,58,348,245,24,86,89,67,196,167,105,18,106,293,173,135,47,294,104,110,94,116,78,271,359,275
321,32,107,301,320,179,183,177,94,126,141,34,100,143,290,293,198,197,144,146,111,235,182,180,334,186,37,145,134,172,283,288,188,38,224,99,359,342,30,341,7,194,349,123,250,142,338,312,135,208,91,163,291,222,274,292,343,75,93,213,367,318,275,131,211,0,61,168,187,176,337,366,365,333,347,124,233,95,137,246,159,225,121,122,249,332,299,324,150,28,300,203,49,79,70,157,62,192,193,227,271,90,195,303,129,3,251,325,84,207,363,232,313,33,360,309,296,125,216,149,140,202,148,228,101,27,167,315,223,2,310,239,240,133,165,102,88,258,345,210,215,155,153,127,65,362,209,191,351,327,152,267,364,112,116,67,206,119,114,115,117,113,354,226,185,355,356,104,80,89,4,10,253,12,305,132,16,17,8,19,20,21,22,358,82,25,335,237,36,304,9,295,43,44,219,46,204,48,66,50,51,52,190,54,55,56,57,58,59,60,173,26,73,5,308,103,71,31,236,361,269,252,109,286,328,316,42,81,319,357,285,220,139,13,294,156,14,270,323,164,306,230,214,273,302,277,282,98,330,23,231,297,39,147,350,106,289,108,92,336,322,136,339,242,83,284,169,170,68,201,369,24,268,15,158,314,329,171,184,255,130,45,128,161,276,74,243,368,346,18,41,287,245,35,174,340,217,241,138,221,244,69,205,247,248,72,353,254,218,256,257,189,259,260,261,262,263,264,265,105,229,118,76,6,317,196,64,78,86,311,96,278,279,280,281,97,238,63,200,162,110,85,199,181,40,331,352,348,212,77,47,307,53,87,1,166,29,234,326,120,151,11,154,178,266,160,344,272,298,175
176,261,299,356,210,144,156,66,361,150,142,146,19,145,320,20,312,0,290,121,281,316,219,141,89,276,161,321,237,32,369,104,75,102,111,106,182,267,224,315,52,154,4,268,169,109,183,113,308,208,140,257,133,86,350,15,274,334,233,78,107,204,22,147,90,265,88,360,291,55,358,238,158,353,283,76,330,223,206,93,221,70,49,189,100,332,166,40,173,200,344,35,314,242,57,292,60,101,134,247,310,251,73,297,160,1,248,6,2,18,180,303,187,216,275,170,236,325,162,240,164,43,280,51,96,245,155,118,46,178,230,270,367,225,30,119,124,53,58,42,108,117,347,209,217,341,59,16,322,123,264,77,36,284,129,83,29,203,114,201,68,193,262,13,138,338,17,10,174,31,252,346,132,87,5,345,307,309,184,65,328,137,98,234,246,317,81,136,179,194,34,250,244,277,286,143,205,48,79,91,25,177,294,152,122,163,362,258,175,211,28,298,11,71,165,324,214,287,363,64,82,153,318,45,195,289,336,167,56,199,326,63,9,21,27,92,296,329,213,241,69,357,323,366,139,243,97,249,202,311,39,340,112,285,191,84,349,266,14,24,207,271,149,85,37,300,319,301,365,172,331,131,72,254,263,279,181,33,226,288,278,355,135,227,38,218,364,337,12,41,368,231,239,23,269,44,215,157,339,306,168,127,7,186,103,110,62,54,220,256,3,282,259,313,228,198,342,185,293,333,352,304,343,272,148,335,116,47,26,229,120,126,351,253,255,61,99,232,190,74,235,302,295,95,354,305,67,348,212,359,192,260,196,188,105,8,115,222,327,125,80,128,151,159,94,130,273,171,197,50
321,32,107,301,320,179,183,177,94,126,141,34,100,143,290,293,198,197,144,146,322,235,182,180,334,186,37,145,134,172,283,288,39,38,224,99,359,342,30,341,7,194,349,123,250,289,338,312,135,208,91,163,291,222,274,292,343,75,93,213,367,318,275,131,211,0,61,168,187,176,337,366,365,333,347,124,233,95,137,246,159,225,121,122,249,332,299,324,150,28,300,203,49,79,70,157,62,231,193,227,271,90,195,303,129,3,251,325,84,207,363,232,313,33,360,309,296,125,216,149,140,202,148,228,101,83,167,315,223,2,310,239,240,133,165,297,88,258,345,210,215,155,153,284,65,362,209,191,351,327,152,267,364,112,116,67,206,119,114,115,117,113,354,226,185,355,356,104,80,89,4,10,24,12,305,132,268,17,8,19,20,339,22,358,82,25,335,237,36,304,9,295,43,44,219,46,204,48,66,92,51,52,190,54,55,56,57,58,59,60,173,26,73,5,308,103,71,31,236,361,269,252,109,286,328,316,42,81,319,357,285,220,139,13,294,156,14,270,323,164,306,230,214,273,302,277,282,98,330,23,192,102,188,287,105,265,142,45,50,110,111,35,21,276,27,127,169,170,96,201,264,253,16,158,47,6,329,171,184,255,130,108,128,161,242,74,243,368,346,18,41,147,245,136,174,340,217,241,138,221,244,69,205,247,248,72,353,254,218,256,257,189,259,260,261,262,263,369,106,350,229,118,76,314,317,196,64,78,86,311,68,278,279,280,281,97,238,63,200,162,336,85,199,181,40,331,352,348,212,77,15,307,53,87,1,166,29,234,326,120,151,11,154,178,266,160,344,272,298,175
176,261,299,291,271,94,156,121,297,219,148,361,169,145,127,339,312,260,290,207,32,325,170,192,198,282,161,321,237,344,146,265,187,102,111,51,41,171,99,315,123,25,104,75,65,138,218,196,273,329,319,72,133,86,298,363,354,322,246,78,107,179,212,44,264,85,88,147,204,55,77,211,158,142,272,76,231,242,183,328,221,203,180,87,100,332,134,333,22,200,311,165,314,12,57,292,222,159,254,247,310,274,101,31,348,281,70,6,53,18,172,303,255,149,46,351,365,43,162,240,164,115,216,355,217,245,302,118,92,368,230,257,20,9,30,27,320,103,58,42,108,308,152,350,337,24,59,278,364,39,73,151,36,317,116,83,29,120,50,82,61,193,262,239,352,338,17,10,336,40,252,209,56,293,5,345,189,309,184,19,26,137,98,0,178,66,238,64,49,194,34,80,93,330,327,33,205,177,141,91,360,48,62,283,122,163,276,258,175,356,248,2,225,71,359,90,215,131,15,227,154,153,81,45,195,289,226,220,132,199,206,63,334,181,129,126,185,208,213,37,69,353,228,366,140,186,253,323,232,343,275,340,54,113,223,335,109,266,14,349,280,119,167,263,241,300,190,301,277,97,96,201,16,166,79,124,316,318,235,224,168,214,60,35,288,117,296,174,202,112,369,136,236,157,313,249,367,270,267,306,160,21,114,259,197,7,294,11,286,52,250,125,326,357,38,244,139,144,155,234,23,268,269,347,210,84,341,251,150,362,331,191,287,324,8,342,89,284,285,74,279,143,295,95,304,305,67,182,28,243,47,188,128,307,105,4,106,346,173,135,3,13,358,110,229,130,1,68,256,233
176,261,299,4,350,339,156,92,229,66,352,287,89,157,165,79,142,197,103,81,322,323,47,87,181,183,318,361,336,172,174,334,241,152,145,20,313,348,362,315,8,52,158,258,250,330,179,173,368,251,340,341,344,363,327,316,64,328,204,149,82,9,151,185,253,252,75,78,187,319,331,366,137,5,19,214,90,288,148,198,221,203,121,217,100,332,12,333,150,200,10,55,314,249,161,37,277,101,222,247,310,57,88,254,160,317,167,284,337,207,180,29,164,134,267,346,186,131,114,240,351,191,24,39,223,193,342,329,196,33,182,123,205,364,0,46,126,171,58,162,291,184,74,211,112,349,133,326,18,14,213,130,359,116,293,72,292,110,23,25,117,40,355,239,345,354,273,53,264,308,356,194,257,115,128,302,141,119,6,96,104,91,22,98,11,56,296,283,275,36,99,42,230,209,232,215,195,28,21,17,106,177,231,86,122,274,155,238,175,54,248,2,225,71,84,285,73,159,15,7,136,153,139,45,35,289,245,93,41,199,206,192,49,365,272,113,31,147,3,321,69,27,256,282,262,259,30,38,62,353,233,360,60,343,309,335,77,212,124,202,324,138,242,263,306,260,227,243,236,97,135,163,16,235,146,312,48,34,32,281,109,286,26,144,118,63,367,201,111,278,246,1,120,290,129,83,255,189,59,44,140,166,95,307,190,216,303,234,76,300,178,143,271,210,218,220,208,369,107,347,219,224,265,226,132,301,269,168,338,276,80,298,279,280,228,61,102,325,237,51,169,294,65,320,304,305,154,270,70,357,85,67,244,188,105,268,266,127,170,297,295,13,358,43,94,50,108,68,311,125
176,261,299,291,285,95,156,287,0,120,293,85,27,29,320,256,312,173,290,134,32,325,219,339,76,265,161,321,182,344,172,106,187,102,111,281,75,89,257,192,50,36,61,151,97,59,222,329,273,55,319,303,9,336,350,363,338,3,146,94,14,179,212,333,352,47,105,295,100,98,262,138,364,365,43,302,49,254,342,198,221,203,121,51,68,332,87,279,180,348,149,52,242,66,272,110,284,5,148,217,310,318,127,13,42,317,72,139,264,207,135,247,255,44,260,324,53,183,308,315,200,361,48,184,101,96,231,233,147,164,240,239,358,133,130,142,311,189,60,245,188,346,282,205,171,82,209,191,64,45,307,152,314,351,88,108,41,136,345,115,292,1,145,77,73,355,297,169,21,83,4,10,237,12,165,118,368,17,18,19,78,211,22,229,24,25,20,57,158,304,34,144,93,330,162,204,33,67,141,92,360,91,62,103,122,163,276,258,175,356,248,2,225,71,359,90,215,131,15,227,294,153,81,327,195,289,226,220,132,199,206,63,334,181,129,126,185,208,243,37,69,353,228,178,140,216,104,323,232,343,275,340,283,113,223,335,107,266,109,349,280,194,167,263,241,300,190,301,277,253,186,201,16,251,79,124,316,177,235,224,168,214,56,35,288,117,296,174,202,112,369,119,213,157,313,249,367,270,267,306,160,150,114,31,197,7,154,11,286,366,250,125,326,259,38,244,274,357,155,234,23,268,269,347,210,84,341,166,80,362,331,278,337,322,116,309,70,8,354,137,170,252,193,246,159,65,39,28,30,143,54,40,196,6,26,58,99,230,123,218,236,128,86,298,74,46,238,271,328,305
105,244,354,294,320,345,276,50,81,301,291,187,111,31,290,321,49,5,305,74,225,364,278,179,299,196,180,145,122,156,342,295,302,107,266,185,102,104,23,36,51,216,132,82,64,365,337,215,75,245,351,341,300,15,210,18,293,85,338,199,155,60,151,352,279,129,170,213,57,55,77,65,164,68,287,353,176,13,134,254,332,165,178,150,184,16,148,88,154,227,283,86,314,331,312,267,38,249,19,10,326,286,304,222,348,251,29,250,106,135,14,271,191,128,284,127,248,325,143,349,255,186,28,39,223,112,261,52,241,246,209,160,282,93,78,269,260,167,83,206,3,4,262,309,230,298,58,366,114,188,362,347,117,21,285,147,25,118,211,113,100,310,17,98,33,214,1,80,317,137,139,336,195,193,182,166,208,157,296,344,212,30,334,121,177,333,359,149,350,200,152,35,190,340,103,308,159,268,69,322,183,368,79,280,234,229,220,343,47,63,91,131,323,197,292,217,318,45,115,34,303,90,198,27,327,277,356,289,0,62,259,228,238,9,42,168,163,203,40,313,26,153,141,43,124,311,275,189,192,67,207,96,89,54,281,240,142,231,273,140,221,297,66,126,329,76,56,194,328,11,73,125,120,12,239,6,92,97,161,169,224,144,307,219,367,174,41,72,232,319,109,22,101,237,87,24,53,175,242,37,355,330,369,247,324,61,253,181,59,256,335,48,70,316,84,258,136,264,265,146,339,116,95,263,108,315,94,274,162,205,218,363,133,236,44,20,158,7,360,173,99,226,130,306,32,272,358,361,171,201,123,233,8,46,235,2,257,172,138,71,357,252,288,204,119,110,346,270,202,243
321,32,289,301,320,227,183,88,350,305,141,214,352,312,237,37,198,174,220,146,322,145,39,180,302,50,30,26,170,22,197,288,188,192,252,330,45,74,217,341,161,194,349,123,10,142,156,28,25,208,109,51,291,169,68,292,343,328,87,223,19,318,90,195,333,261,278,40,329,176,279,366,134,114,347,55,236,56,66,262,64,98,255,241,277,166,299,324,221,259,112,276,268,319,124,157,359,317,193,140,91,164,62,8,9,139,263,325,84,207,89,247,313,33,360,309,296,125,369,137,158,202,187,184,356,300,99,315,12,69,310,239,240,133,165,167,357,314,345,266,215,155,20,111,308,362,234,243,246,113,231,93,364,230,108,18,273,190,218,96,117,327,253,53,185,355,34,235,16,151,95,250,78,332,13,97,283,249,103,82,153,21,11,358,24,216,335,72,116,206,271,199,43,334,128,106,232,326,336,138,264,52,226,272,1,251,307,58,59,60,121,132,61,316,65,163,67,41,2,212,71,172,213,162,295,76,86,353,79,152,200,323,107,290,48,354,120,177,81,100,38,331,267,248,77,274,14,17,257,0,118,135,348,304,367,46,284,340,205,5,127,171,119,342,15,27,287,337,233,29,269,242,115,244,101,143,4,126,238,285,225,35,339,363,80,256,73,149,270,173,306,178,150,181,303,219,254,122,47,222,63,92,31,6,361,209,338,293,286,186,224,258,102,260,42,83,365,182,265,131,23,49,148,147,210,191,229,104,275,298,282,203,159,280,228,189,168,311,297,211,36,144,294,44,7,245,179,160,70,368,85,57,196,281,105,204,129,346,351,75,154,201,3,110,94,130,344,54,136,175
176,261,299,291,210,221,156,90,227,143,141,73,349,145,320,267,312,11,290,207,32,325,1,2,89,98,40,321,280,8,135,114,318,102,111,87,18,180,99,315,282,129,104,224,65,344,152,194,117,59,319,4,191,53,5,341,144,334,313,78,107,179,74,359,333,47,88,132,204,302,252,81,85,142,96,76,137,288,292,198,343,203,121,307,100,332,67,199,175,45,366,151,209,354,57,306,301,22,254,271,124,235,326,31,348,317,28,6,172,308,161,303,10,95,3,63,105,131,162,49,69,352,216,238,174,305,149,219,202,181,71,208,322,276,228,27,240,328,113,173,13,351,60,46,239,155,164,133,364,123,14,21,323,146,241,55,248,120,38,48,61,94,255,20,167,214,353,311,230,287,273,200,56,324,205,51,134,16,336,368,118,335,242,234,19,331,187,64,68,12,150,263,126,166,158,106,346,177,79,91,42,365,294,257,122,206,362,249,356,26,103,236,358,310,285,347,215,148,50,70,75,192,183,9,367,52,217,139,284,260,342,15,274,281,25,109,296,329,295,37,244,43,44,115,178,259,93,153,23,30,231,270,211,147,350,355,247,108,80,340,293,297,84,97,163,33,58,112,339,201,369,72,130,189,233,314,168,363,286,223,268,225,169,24,29,229,39,86,232,195,101,279,82,237,188,316,83,34,275,298,157,127,345,357,154,159,17,36,360,246,361,222,330,289,250,220,251,185,171,62,182,193,197,272,186,300,66,283,338,278,92,190,337,35,218,212,165,253,140,119,170,265,184,116,7,264,304,160,0,243,138,136,196,277,266,258,262,41,327,245,213,128,77,110,269,309,226,256,54,125
176,261,299,291,210,228,156,287,322,143,148,361,169,145,127,339,312,260,290,207,32,325,170,192,89,282,335,321,237,344,146,347,187,102,111,51,96,171,99,315,223,25,104,268,65,138,218,128,273,329,319,72,133,86,298,363,334,349,206,78,107,179,212,366,264,47,88,295,204,55,77,211,158,142,272,76,231,242,183,14,221,203,180,307,100,332,134,333,22,200,311,165,314,12,57,292,153,159,199,247,310,251,304,31,348,8,28,6,53,18,172,303,255,95,275,351,365,269,109,227,164,115,216,355,217,305,302,118,92,368,230,340,20,9,30,27,279,103,58,42,108,308,74,350,337,24,59,191,364,39,73,151,36,284,116,83,29,120,50,82,61,193,243,239,352,338,17,10,336,40,252,209,56,293,5,345,189,309,184,19,26,181,98,0,178,66,238,64,49,194,34,80,93,330,327,33,205,177,141,91,360,48,343,283,122,163,362,37,289,320,54,2,225,71,84,90,215,271,15,185,67,222,119,213,233,126,235,197,168,254,246,173,274,137,318,175,240,110,186,232,190,43,323,44,313,262,331,167,258,62,250,257,248,263,276,161,162,68,324,328,297,265,188,97,157,300,69,301,277,359,253,201,16,166,79,124,316,129,226,182,132,214,60,35,288,342,296,174,202,112,369,285,236,241,140,249,367,270,267,306,160,21,114,259,220,7,294,11,286,52,281,125,326,357,38,244,139,144,155,234,23,75,353,152,131,113,229,354,46,123,41,278,356,280,150,117,198,317,136,81,121,219,147,149,101,245,256,224,70,45,85,87,196,341,105,4,106,346,63,135,3,13,358,208,94,130,1,266,154,195
176,261,299,291,339,341,156,138,297,181,235,80,170,26,320,191,336,11,290,362,32,163,219,119,223,337,161,24,237,344,12,347,187,134,111,51,50,128,99,315,196,25,4,52,367,257,264,113,117,329,319,72,133,233,350,363,274,322,146,78,107,179,212,8,54,145,300,317,63,122,358,304,85,185,236,76,90,77,342,44,6,203,121,307,100,332,195,333,22,200,190,229,314,67,272,306,328,101,254,247,310,251,326,335,301,248,182,160,266,184,172,269,255,95,275,280,365,131,162,240,42,82,216,338,174,305,178,164,37,368,21,270,153,9,238,27,124,104,353,206,98,129,20,46,152,73,154,201,364,40,106,29,318,303,224,279,316,96,331,183,61,357,215,239,285,369,321,10,127,123,267,194,144,360,277,244,189,97,18,221,19,137,180,234,17,1,16,64,49,354,34,209,109,330,159,33,205,177,79,323,173,48,218,53,55,292,57,58,175,148,135,2,225,273,84,39,349,271,15,7,136,65,74,45,132,59,245,93,41,199,230,192,56,118,308,126,293,208,3,324,69,43,256,366,139,259,253,38,202,249,345,340,60,186,211,312,220,140,14,227,155,287,232,250,296,116,348,142,346,168,36,30,263,166,158,75,143,114,204,89,108,91,0,35,165,66,327,105,298,281,311,231,62,13,5,112,86,188,157,243,258,288,92,283,289,286,276,210,207,213,355,147,171,23,28,198,284,302,31,115,356,268,351,325,359,252,295,120,242,246,361,278,83,265,228,282,150,70,110,294,169,87,193,149,81,217,88,222,47,241,343,151,130,71,262,102,197,313,260,141,214,334,167,352,94,309,226,68,103,125
176,104,299,31,210,339,156,92,229,64,352,287,365,157,165,79,111,197,103,81,322,323,37,180,355,183,90,361,336,263,174,172,241,152,291,160,196,348,198,254,182,329,158,258,250,330,179,173,368,186,123,341,344,363,133,292,340,328,204,78,82,33,130,131,253,239,75,213,187,319,77,333,96,68,228,76,161,63,317,99,332,48,121,150,184,62,89,216,154,91,283,86,314,303,312,267,262,249,54,135,141,159,293,222,301,119,248,163,106,55,25,271,191,128,124,127,324,325,143,190,255,251,28,39,223,112,261,52,265,35,209,185,282,93,362,269,260,298,275,206,290,343,4,42,230,349,58,8,114,327,98,347,117,181,285,147,155,356,211,240,100,268,7,310,309,214,30,311,306,297,139,237,56,12,2,166,208,288,296,136,212,23,334,366,177,65,359,149,350,200,102,331,225,342,276,308,47,134,69,205,167,50,108,27,234,40,220,57,203,302,227,88,11,97,15,189,318,45,115,34,369,32,171,238,219,277,235,289,0,53,284,80,148,9,29,168,226,41,252,313,26,153,22,43,17,87,278,217,192,126,207,67,218,19,281,233,142,231,273,140,221,71,66,201,307,353,326,194,364,316,73,120,101,3,24,6,138,320,109,175,224,113,295,107,125,274,83,137,169,188,304,257,279,61,146,236,51,72,164,345,132,244,60,358,49,243,199,315,195,118,74,335,300,145,256,10,5,46,122,84,202,272,247,280,232,305,259,116,162,354,193,338,13,246,95,38,357,360,264,16,36,144,294,44,20,245,215,270,70,367,85,286,21,59,105,178,129,346,351,170,18,242,151,110,94,337,1,14,266,321
104,261,299,356,330,148,32,66,361,150,224,146,19,145,320,20,312,333,290,121,321,316,219,47,89,16,274,281,80,156,340,176,244,325,93,82,313,235,207,318,6,265,344,357,141,348,183,113,308,208,190,257,133,86,350,15,72,334,283,78,107,26,22,147,90,139,88,295,291,55,358,238,158,353,272,76,120,223,206,198,221,70,49,189,351,332,229,40,212,200,4,35,314,242,57,292,60,101,134,247,310,251,73,297,215,1,248,52,41,18,180,303,187,95,275,170,236,102,162,240,164,342,280,51,96,368,38,118,269,178,230,270,367,225,30,119,186,53,58,42,231,117,347,209,337,341,339,276,322,123,264,249,36,284,116,44,29,157,114,201,68,182,262,13,352,83,17,10,174,31,252,346,132,293,5,345,307,309,184,65,328,220,98,234,246,317,144,87,204,194,34,250,12,243,286,143,61,48,79,91,354,177,294,7,122,163,129,258,323,211,28,298,218,185,165,324,214,287,343,64,106,153,74,45,195,289,336,255,56,199,326,110,9,259,127,92,253,329,213,203,69,268,126,366,302,277,282,77,202,311,39,369,239,285,191,335,108,0,14,46,168,271,149,85,37,300,319,301,365,172,331,131,23,254,43,279,181,33,226,288,227,355,169,278,155,11,62,217,256,2,349,267,59,161,228,338,100,241,97,363,260,27,152,124,115,111,138,315,137,112,125,71,84,193,175,63,263,75,136,266,296,99,306,233,109,21,362,273,179,166,167,24,81,154,210,205,142,8,140,54,305,364,360,216,25,245,304,160,173,359,192,67,196,188,105,232,103,222,327,3,237,128,151,159,94,130,135,171,197,50
176,261,299,291,285,341,156,145,19,214,217,233,109,111,110,276,162,268,23,15,32,325,308,141,365,158,161,321,108,344,183,20,255,167,300,51,39,87,99,315,364,25,48,75,65,202,112,134,180,228,12,346,283,106,350,363,155,81,146,89,107,179,260,147,264,56,168,154,100,348,358,47,13,354,27,332,353,142,311,198,333,157,293,8,85,166,30,349,66,172,368,149,271,310,123,216,41,3,26,184,7,50,215,105,190,54,16,95,239,113,130,243,57,148,232,328,338,49,226,286,181,319,266,355,329,280,124,272,164,210,347,76,58,367,165,219,253,245,282,24,127,360,318,309,78,83,207,301,218,292,67,103,34,366,194,262,236,281,211,234,0,247,40,238,96,197,97,139,169,237,104,331,259,11,295,122,70,322,369,163,195,201,10,279,117,196,359,138,91,133,28,44,324,241,37,362,317,345,52,151,339,150,77,152,224,192,46,59,175,68,357,2,186,209,84,140,227,159,230,313,136,248,74,316,277,351,86,93,200,79,29,63,256,21,120,129,296,189,174,334,298,288,60,263,336,273,231,38,14,31,178,340,118,244,193,335,274,18,9,326,302,303,242,42,121,342,287,246,249,275,135,297,306,185,61,312,4,267,144,278,240,290,327,35,137,284,82,258,235,101,115,225,45,221,126,43,289,203,153,69,128,73,177,307,204,80,88,6,212,132,361,222,314,90,304,220,251,187,171,62,182,330,269,270,17,294,229,352,125,33,98,223,64,356,323,205,36,191,72,119,170,257,102,116,22,305,188,160,173,143,343,213,265,199,208,254,252,92,250,320,55,71,337,114,94,5,53,1,206,131
4,32,176,301,290,42,156,230,340,194,16,106,324,157,320,363,291,197,202,343,78,149,182,180,181,183,80,143,336,172,174,123,359,38,145,160,103,162,158,272,8,147,346,249,237,330,155,311,368,251,231,299,344,15,210,292,293,328,214,208,286,179,184,131,211,129,173,199,187,319,337,366,365,227,216,369,318,300,163,362,221,120,121,259,288,332,321,90,212,339,220,14,161,98,338,200,226,62,350,247,310,159,355,313,334,232,154,325,331,280,316,18,34,261,124,127,239,113,360,190,256,144,24,140,223,246,167,315,53,146,253,171,59,177,107,17,260,267,150,73,185,130,126,50,254,296,26,191,207,137,229,0,151,306,105,152,118,75,114,115,238,189,225,63,282,6,228,10,264,83,353,28,322,213,201,218,250,283,209,119,276,21,22,23,132,41,222,245,165,40,349,33,219,44,125,329,342,48,47,46,51,101,206,108,55,56,57,278,193,236,168,281,295,64,287,35,67,112,13,70,71,303,29,312,309,76,77,294,79,255,81,82,3,285,356,116,87,19,89,25,91,92,357,94,252,12,97,242,298,164,52,102,352,104,66,74,196,54,341,367,111,31,327,138,139,305,169,133,277,128,203,36,279,100,192,135,58,134,258,170,224,248,166,307,45,273,241,86,358,266,270,323,240,148,186,297,30,188,345,243,244,153,195,117,5,178,49,37,304,271,361,265,364,109,1,198,263,335,136,333,141,354,39,257,93,217,289,268,122,348,233,2,234,43,262,110,142,284,274,85,65,314,317,302,275,61,347,20,60,68,204,351,69,205,95,27,96,215,9,84,269,11,7,235,308,99,326,88,72,175
105,244,354,294,140,170,348,319,256,301,269,346,183,199,122,145,239,103,154,132,232,64,124,261,89,66,161,321,234,92,369,104,316,300,94,327,111,87,226,107,194,69,74,268,306,166,215,113,53,139,204,16,125,248,2,15,57,203,178,192,128,250,22,147,337,142,255,213,343,55,77,97,96,302,353,200,90,174,115,198,221,120,26,259,218,332,100,273,212,278,228,309,158,186,283,19,257,365,153,6,84,118,249,223,47,326,308,272,305,222,292,264,73,121,339,295,157,102,364,4,237,40,63,160,76,180,243,135,169,334,110,65,282,146,211,129,71,325,58,155,291,117,44,220,109,99,133,182,9,270,231,358,187,276,280,152,91,363,114,205,95,367,303,190,185,67,0,355,247,3,242,333,149,83,13,14,320,286,331,45,20,21,101,134,230,25,227,18,36,10,207,42,43,172,225,46,341,48,29,50,342,52,62,329,163,56,217,150,229,193,173,356,224,5,288,279,260,31,75,137,88,284,156,11,144,290,164,81,311,349,17,59,41,238,197,289,49,347,236,175,82,30,299,366,254,28,138,38,202,216,281,340,54,359,191,335,304,266,179,189,350,23,361,315,344,167,195,148,85,322,171,108,143,263,39,98,126,313,106,351,285,112,318,70,297,296,360,214,277,262,12,338,181,328,141,116,79,86,293,60,201,165,188,61,362,184,93,162,151,131,80,323,219,298,265,176,307,7,357,1,68,310,34,245,271,130,287,274,275,168,208,78,72,258,136,127,235,330,252,314,210,35,253,317,32,159,240,196,352,27,123,119,8,51,368,251,177,267,246,33,209,241,345,336,233,37,324,312,24,206
321,290,354,294,140,278,194,341,287,301,145,343,111,84,237,205,251,123,311,76,59,334,223,261,271,16,274,281,80,156,340,176,244,325,93,289,94,276,207,318,6,283,344,73,141,348,106,54,306,149,336,320,137,69,243,112,171,231,323,330,300,162,30,174,33,24,8,60,193,66,250,155,71,113,297,242,249,213,309,204,48,360,36,10,199,119,127,206,20,100,104,180,83,102,351,44,58,55,122,319,29,47,263,349,280,75,307,214,275,18,229,335,353,259,220,165,42,184,369,219,338,39,148,202,134,221,279,315,333,346,342,302,240,138,312,120,299,189,324,168,216,192,352,25,350,326,239,183,254,327,357,62,105,195,116,258,188,129,114,211,40,101,253,190,185,355,232,43,2,142,296,117,15,152,139,262,363,65,85,339,173,70,68,158,310,157,314,245,126,46,144,17,196,308,267,21,159,347,67,322,197,50,187,356,28,331,295,291,304,121,4,151,201,56,7,215,182,367,133,227,115,89,97,329,31,366,132,222,238,200,175,266,298,23,19,79,208,0,22,5,337,131,63,166,264,34,277,78,191,292,124,26,143,128,358,37,12,130,118,98,9,177,90,72,317,91,236,365,64,45,27,135,198,273,178,218,362,74,293,167,209,160,53,328,179,3,147,61,186,226,181,260,77,332,246,51,154,88,38,345,11,14,303,247,107,210,217,125,286,256,257,110,364,234,268,99,284,57,1,86,153,95,269,270,359,252,92,96,49,235,233,170,361,224,228,248,265,146,285,255,169,87,108,161,81,305,316,163,368,241,109,164,212,172,32,203,230,282,150,52,288,82,136,13,313,225,272,41,103,35
176,261,299,291,210,341,156,287,297,143,148,361,169,145,127,339,312,260,290,207,32,325,170,192,89,282,161,321,237,344,146,265,187,1,111,51,112,171,99,315,276,25,104,224,65,138,218,128,273,329,319,72,133,86,298,363,274,79,246,78,107,179,212,44,264,47,88,295,204,55,77,211,322,142,272,76,217,288,342,328,91,203,180,307,100,332,134,202,22,200,85,39,220,12,362,292,222,159,254,247,310,302,304,31,348,8,28,6,53,18,172,303,255,95,275,280,365,242,162,240,164,115,216,355,174,305,60,118,92,368,230,257,20,9,30,27,279,103,166,42,108,308,347,350,337,66,59,191,364,214,73,151,36,284,116,83,29,120,50,82,61,193,262,239,352,338,17,10,336,40,252,124,56,293,5,345,58,309,184,19,227,137,185,223,178,97,238,64,49,194,331,80,93,330,327,16,205,177,141,318,360,48,62,283,285,163,57,258,175,356,248,2,225,71,84,90,215,271,15,35,154,153,74,45,195,289,226,209,132,199,206,63,334,181,129,126,296,208,213,37,69,269,228,366,140,243,253,323,333,343,281,340,54,359,182,335,109,266,14,34,324,119,167,263,241,300,190,301,68,201,369,24,130,189,158,314,311,221,102,0,268,165,251,26,43,229,98,231,152,96,349,122,236,157,313,249,367,270,267,306,160,21,114,259,197,7,294,11,286,52,250,125,326,357,38,244,139,144,155,234,23,75,353,232,131,113,183,354,46,123,41,278,320,351,150,117,198,317,136,81,121,219,147,149,101,245,256,168,70,186,316,87,196,188,105,4,106,346,173,135,3,13,358,110,94,33,235,277,67,233
321,32,107,301,320,179,183,177,94,126,141,34,100,143,290,293,198,197,144,146,111,235,182,180,334,186,37,145,134,172,283,288,188,38,224,99,359,342,30,341,7,194,349,123,250,142,338,312,135,208,91,163,291,222,274,292,343,75,93,213,367,318,275,131,211,0,61,168,187,176,337,366,365,333,347,124,233,95,137,246,159,225,121,122,249,332,299,324,150,28,300,203,49,79,70,157,62,192,193,227,271,90,195,303,129,3,251,325,84,207,363,232,313,33,360,309,296,125,216,149,140,202,148,228,101,27,167,315,223,2,310,239,240,133,165,102,88,258,345,210,215,155,153,127,65,362,209,191,351,327,152,267,364,112,116,67,206,119,114,115,117,113,354,226,185,355,356,104,80,89,4,10,253,12,305,132,16,17,8,19,20,21,22,358,344,25,335,237,36,304,9,295,43,44,219,46,204,48,66,50,51,52,190,54,55,56,57,58,59,60,173,26,73,5,308,103,71,31,272,361,269,252,109,286,328,316,42,81,319,357,285,220,139,13,294,156,14,270,323,164,306,230,214,273,302,277,282,98,330,23,231,297,39,147,350,106,289,108,92,336,322,136,339,242,83,284,169,170,68,201,369,24,268,15,158,314,329,171,184,255,130,45,128,161,276,74,243,368,346,18,41,287,245,35,174,340,217,241,138,221,244,69,205,247,248,72,353,254,218,256,257,189,259,260,261,262,263,264,265,105,229,118,76,6,317,196,64,78,86,311,96,278,279,280,281,97,238,63,200,162,110,85,199,181,40,331,352,348,212,77,47,307,53,87,1,166,29,234,326,120,151,11,154,178,266,160,82,236,298,175
321,32,107,301,320,179,183,181,64,178,47,34,100,143,290,280,198,197,110,146,111,235,182,180,334,186,37,145,134,172,283,288,279,38,224,99,196,317,30,341,7,194,200,123,250,142,338,312,135,88,91,163,291,222,78,281,343,75,93,213,367,318,156,131,211,0,61,168,187,176,337,366,365,333,347,124,233,95,137,246,159,225,331,122,249,332,299,324,150,28,300,203,49,79,229,157,62,192,193,227,342,90,195,303,129,151,251,325,234,207,363,232,313,33,326,29,296,125,216,149,140,202,148,228,101,27,167,315,223,2,310,239,240,133,165,102,6,258,345,210,215,155,153,127,65,362,209,191,351,327,152,267,364,112,116,278,118,119,114,115,117,53,354,226,185,355,356,104,80,89,162,10,253,12,305,132,16,17,8,19,20,21,22,307,82,25,335,237,36,329,9,295,199,44,219,46,204,48,66,50,97,52,190,54,55,56,57,58,59,60,173,26,73,5,308,103,71,31,236,361,76,252,109,286,328,316,42,81,319,357,285,220,139,11,294,86,14,270,323,164,306,230,214,273,302,277,282,98,330,23,231,297,39,147,350,106,289,108,92,336,322,136,87,242,83,284,169,212,68,201,369,24,268,15,158,314,311,171,184,255,130,45,128,161,274,74,243,368,346,18,41,287,245,35,174,340,217,241,138,221,63,69,205,247,248,72,353,254,218,256,238,189,259,260,261,262,359,264,265,266,352,85,269,208,271,263,94,276,275,304,96,67,188,293,292,51,40,77,348,166,144,206,43,177,257,121,1,349,170,120,141,154,113,339,105,4,309,84,360,244,3,13,358,126,70,160,344,272,298,175
10,261,299,356,330,148,32,66,361,150,224,146,65,145,320,328,312,288,290,121,321,44,83,47,213,264,277,13,174,156,340,176,244,325,53,131,313,235,207,318,199,271,344,186,141,149,183,182,337,208,294,257,225,92,350,15,72,334,23,255,108,217,98,369,90,139,88,250,291,122,329,238,158,132,272,289,120,223,206,198,221,352,49,189,322,332,229,203,212,326,252,87,314,242,129,292,211,101,301,247,310,251,74,17,231,285,248,177,34,184,180,303,187,95,275,170,236,119,286,240,164,342,280,262,96,368,38,29,194,178,300,7,367,133,165,157,357,169,258,298,215,68,153,339,308,362,79,191,351,327,307,267,204,112,116,243,118,102,114,347,155,113,354,226,185,42,309,346,80,355,4,104,58,12,305,353,16,297,18,30,20,21,336,273,110,25,335,259,61,269,41,295,43,316,45,205,28,48,163,69,51,52,190,278,55,324,57,254,37,60,279,33,63,64,19,56,67,210,2,70,144,172,73,162,75,76,77,78,127,6,302,46,3,227,85,268,35,117,89,40,50,86,93,94,11,274,97,22,99,100,152,147,103,1,105,71,0,107,109,24,111,265,348,138,59,230,222,134,81,115,216,82,283,345,140,364,200,62,281,333,253,219,126,270,358,181,31,26,232,128,349,249,323,161,228,338,311,241,282,363,260,27,39,124,201,168,209,315,137,284,125,106,84,193,175,218,263,195,136,266,296,202,306,233,14,220,341,234,179,166,167,246,365,154,287,143,142,8,293,54,5,36,360,331,317,245,304,160,173,359,192,214,196,188,276,256,239,319,123,9,237,343,151,159,366,130,135,171,197,91
321,32,289,301,320,227,183,88,350,305,141,214,23,312,237,37,198,33,220,177,322,145,184,221,329,50,296,26,170,22,234,288,215,192,252,69,45,74,332,244,161,194,89,123,10,167,156,28,245,208,109,51,115,169,68,292,343,283,87,147,35,339,90,195,333,261,78,40,188,176,279,366,134,324,95,55,236,189,319,262,364,143,8,82,63,325,299,309,180,250,246,204,240,165,132,349,284,139,114,12,310,193,356,340,348,103,172,202,96,80,97,6,75,151,124,347,30,128,197,241,191,101,24,39,326,163,297,52,313,146,276,213,278,175,59,118,168,112,58,102,323,272,212,53,314,19,334,166,9,100,185,223,264,267,277,293,49,248,148,25,254,302,282,341,179,210,164,73,268,113,127,203,265,94,84,117,201,66,205,355,346,70,171,178,18,157,335,72,4,206,271,199,91,133,125,238,232,155,336,138,269,233,226,216,1,251,307,93,130,60,121,99,61,316,29,13,67,190,2,286,71,263,239,162,295,76,86,353,273,152,200,111,107,290,48,354,120,0,81,327,38,331,64,235,77,274,14,17,257,34,142,135,337,304,137,46,359,140,5,317,62,11,119,342,15,27,287,56,85,65,186,367,291,154,218,98,126,116,360,351,249,259,318,363,207,256,79,149,270,173,306,358,150,181,303,219,308,122,47,222,108,92,31,247,361,209,338,330,20,300,224,258,243,260,42,83,365,182,242,131,352,129,187,174,41,255,229,104,275,298,253,106,159,280,228,362,3,311,231,211,36,144,294,44,7,266,230,160,21,368,315,57,196,281,105,43,16,153,285,158,345,328,357,110,217,225,344,54,136,369
105,244,59,294,140,70,319,137,71,301,258,127,183,99,25,321,254,314,118,74,232,288,307,180,226,177,325,145,124,247,155,89,189,107,169,285,94,283,349,125,348,136,103,278,34,252,144,41,306,78,239,341,276,15,202,267,293,256,212,250,230,312,363,358,242,32,221,215,187,299,337,203,39,356,178,139,268,55,214,362,12,172,134,231,123,5,80,324,317,204,147,367,238,330,156,45,100,333,60,311,310,159,195,7,30,335,84,81,331,40,82,98,104,115,222,22,296,18,167,200,343,224,131,234,91,210,206,217,255,165,57,121,304,223,347,282,316,184,150,143,161,194,344,309,109,146,235,191,129,327,77,163,142,173,369,152,216,174,114,205,117,186,303,106,263,265,211,355,171,138,208,264,251,157,13,14,16,29,83,19,351,21,334,28,353,237,332,102,24,61,38,42,73,44,90,46,170,48,26,4,20,52,164,27,113,56,11,190,63,302,10,281,286,122,292,260,318,228,135,259,76,220,50,229,360,193,336,179,0,361,192,357,141,9,54,128,149,64,338,207,368,153,66,43,168,219,188,3,329,209,313,297,225,17,273,85,261,280,308,340,97,67,365,201,49,101,37,246,328,126,116,120,176,185,274,6,322,23,51,175,270,148,295,88,271,65,352,86,47,62,249,323,181,111,245,305,53,35,95,243,87,68,291,227,289,236,339,162,160,346,2,290,119,354,320,198,108,277,31,1,241,182,269,366,359,33,298,279,275,253,92,69,72,58,130,197,300,342,79,248,112,257,262,345,218,315,154,110,151,75,166,199,8,266,196,272,132,213,350,93,364,96,284,133,233,240,287,326,36,158
321,32,289,301,320,227,183,88,350,305,141,214,23,312,237,37,198,33,220,146,322,145,39,221,302,50,30,26,170,22,197,288,215,192,252,18,45,74,332,341,161,194,157,123,10,282,156,28,25,208,41,51,361,169,68,292,343,283,87,147,19,339,90,195,333,261,278,40,113,176,279,366,134,324,95,55,236,300,319,262,364,143,8,355,277,325,299,309,180,326,246,204,240,66,132,349,284,139,148,12,310,108,127,313,348,103,172,298,202,207,216,247,255,209,268,356,352,224,234,190,182,250,69,184,101,186,231,53,340,177,43,239,78,133,130,168,3,189,93,243,151,308,286,174,229,35,42,96,56,327,106,280,230,64,83,330,79,235,114,245,117,329,253,244,264,241,0,367,129,188,347,185,242,217,163,272,328,165,5,82,153,191,11,358,203,89,335,72,4,206,271,199,91,334,128,238,232,155,336,338,269,52,226,47,1,251,307,58,59,60,121,6,61,316,29,13,67,228,2,212,258,365,213,162,295,76,86,353,104,31,200,323,107,290,48,354,120,164,159,100,38,331,267,248,77,274,14,17,257,34,118,135,337,304,20,46,359,140,314,317,62,171,119,342,15,92,287,9,85,65,102,73,291,223,218,98,126,116,360,351,249,259,318,222,80,256,49,149,270,173,187,178,150,181,303,219,254,122,97,363,260,27,152,124,115,111,138,315,137,112,125,71,84,193,175,63,263,75,136,266,296,99,306,233,109,21,362,273,179,166,167,24,81,154,210,205,142,311,297,211,36,144,294,44,7,131,275,160,70,368,293,57,196,281,105,276,16,346,285,158,345,201,357,110,94,225,344,54,265,369
176,261,299,336,339,140,156,138,357,239,201,80,150,59,320,79,237,209,298,44,54,342,151,187,12,358,271,155,315,133,301,191,63,67,145,97,196,5,34,39,52,147,272,118,250,56,185,312,242,251,55,341,93,2,210,338,351,328,214,295,70,33,22,131,350,178,135,199,37,222,183,366,365,13,216,360,318,334,329,317,243,120,60,195,100,332,7,303,331,200,148,50,75,11,57,306,43,281,254,259,310,326,321,356,144,106,154,204,273,337,173,101,202,110,188,127,324,179,257,296,76,349,24,206,223,245,42,29,262,194,244,171,282,181,367,17,353,267,58,104,335,40,362,309,193,112,157,143,207,327,192,182,119,4,280,152,344,27,343,226,368,297,66,51,238,354,205,71,278,9,225,284,330,217,355,302,141,345,325,19,220,162,98,23,208,16,31,308,275,84,114,73,149,136,91,215,323,177,288,46,160,48,231,124,122,293,61,258,175,340,28,15,132,180,283,291,103,90,292,92,38,166,139,286,322,277,246,249,198,213,279,47,290,21,129,126,274,134,3,115,53,219,78,304,347,307,165,102,117,105,300,319,121,186,211,113,0,236,123,227,266,294,232,65,10,116,348,142,111,168,36,30,268,189,233,314,311,363,184,218,26,45,128,14,276,74,77,20,346,18,41,287,6,161,174,159,62,83,130,221,8,69,64,87,248,72,253,313,289,256,137,25,364,234,333,99,146,35,1,86,153,95,269,270,359,252,172,96,49,235,158,170,361,224,228,107,265,263,285,255,169,247,108,264,81,305,316,163,230,241,109,164,212,229,32,203,197,89,260,85,369,167,240,352,94,88,82,68,190,125
357,32,176,301,290,33,172,138,174,194,352,91,169,157,320,8,49,5,73,74,332,334,275,179,299,196,86,359,122,156,340,34,145,107,93,285,102,283,207,318,321,228,346,249,250,330,279,312,368,251,231,341,344,15,210,292,293,328,214,208,367,180,184,131,211,129,173,199,187,319,337,366,365,218,216,369,272,300,163,362,221,120,121,259,288,322,79,25,212,339,220,343,161,44,57,200,147,281,350,247,310,159,355,313,294,232,154,325,331,55,97,18,123,66,124,127,303,56,360,190,255,144,24,6,223,246,167,52,54,146,47,171,59,213,38,17,260,267,58,202,185,130,139,309,254,296,26,191,158,327,229,132,308,306,116,222,118,50,114,115,117,113,353,280,302,140,226,263,278,83,3,1,78,177,201,227,237,329,238,162,348,21,22,23,0,90,136,205,72,40,41,42,43,103,45,75,10,48,253,119,27,315,151,53,305,189,338,150,101,60,61,62,317,64,148,245,67,297,170,99,71,239,257,311,46,256,9,149,363,76,244,307,204,268,225,95,351,269,314,349,106,291,51,206,219,96,316,264,326,153,193,98,16,182,261,14,12,108,181,286,287,152,137,230,126,63,324,13,277,128,133,165,155,164,166,68,242,134,258,203,224,248,192,82,125,273,241,80,358,266,270,323,240,111,186,112,30,35,345,243,81,100,195,209,197,178,92,37,304,271,361,265,364,109,28,198,342,335,31,333,141,354,39,29,143,217,289,160,336,276,233,2,234,252,69,235,142,284,274,356,65,89,295,282,104,168,347,20,236,135,85,87,183,188,105,4,262,215,7,84,19,11,77,110,94,70,298,88,36,175
105,244,59,294,140,9,319,37,318,301,34,5,183,194,25,321,254,314,178,246,232,233,56,180,226,52,249,145,17,291,322,89,298,192,181,72,94,283,349,359,348,278,103,136,11,252,144,41,306,91,193,341,277,15,202,267,293,256,212,128,43,312,75,320,138,182,97,4,187,299,337,53,39,62,118,139,130,55,214,362,12,120,134,10,354,227,80,324,317,366,290,367,346,165,156,368,100,333,57,311,310,159,259,7,225,335,84,87,331,40,101,6,104,149,1,175,296,18,167,200,113,44,131,79,315,162,206,217,255,334,69,121,238,2,92,356,316,184,150,151,161,126,163,309,109,146,336,191,129,327,77,22,142,112,116,152,216,174,114,205,117,270,303,106,71,76,201,355,221,166,208,264,251,95,13,14,16,236,83,300,66,21,68,47,353,361,332,102,24,61,38,42,344,209,308,292,342,48,179,262,250,177,343,86,107,307,60,258,282,222,122,350,45,231,64,237,185,215,363,195,67,189,347,286,32,239,204,20,99,78,279,73,51,137,271,289,125,329,295,241,339,230,304,273,186,357,345,242,81,27,63,352,153,96,46,224,173,285,123,340,328,265,365,211,49,30,169,170,50,0,369,172,176,263,274,98,155,23,58,203,245,148,338,197,115,229,297,272,358,266,325,323,240,111,132,305,164,35,157,243,330,288,247,127,110,65,276,210,207,213,223,147,119,287,28,198,284,302,31,124,160,8,269,85,82,33,219,108,275,253,171,26,313,190,351,326,19,280,234,248,261,257,281,141,218,168,154,29,143,135,3,228,268,188,220,133,196,199,74,93,364,360,54,235,90,70,260,88,36,158
321,32,289,301,320,227,183,81,350,305,141,214,23,312,237,37,198,111,220,146,322,145,39,221,302,50,30,26,170,22,197,288,151,192,252,330,45,74,217,341,161,194,157,86,10,142,156,28,25,208,109,152,115,169,68,292,343,328,87,162,19,339,90,195,333,213,278,40,327,176,295,366,134,324,347,55,323,112,319,262,230,143,8,354,277,325,299,356,180,259,56,276,78,66,124,349,359,139,69,340,43,193,62,255,337,5,263,166,353,207,216,247,313,174,231,101,296,125,175,235,75,185,177,184,309,186,106,233,140,164,148,239,242,133,130,167,3,189,154,96,188,362,286,33,35,308,369,245,246,329,99,93,64,364,212,18,79,367,114,243,117,113,253,244,290,355,0,190,129,215,95,202,49,332,163,200,283,165,317,82,153,21,11,358,24,89,335,72,4,206,271,199,310,334,120,238,232,155,336,107,269,52,226,97,1,251,307,58,59,60,121,132,61,316,29,13,48,210,2,63,344,135,261,147,279,38,123,250,365,51,272,236,138,264,67,241,128,91,88,92,368,331,267,248,77,274,14,17,257,34,118,172,348,304,137,46,284,12,205,103,127,171,119,342,15,27,287,9,85,65,84,73,291,223,218,98,126,116,360,351,249,326,318,363,80,256,240,149,270,173,306,178,150,181,303,219,254,122,47,222,108,100,31,6,361,209,338,293,20,300,224,258,102,260,42,83,273,182,265,131,352,268,187,53,41,191,229,104,275,298,282,203,159,280,228,314,168,311,297,211,36,144,294,44,7,266,179,160,70,76,315,57,196,281,105,204,16,346,285,158,345,201,357,110,94,225,71,54,136,234
105,244,172,294,140,170,194,272,313,301,50,321,100,203,122,145,45,265,23,207,30,290,328,141,227,282,223,238,307,176,322,28,298,107,296,72,339,118,349,71,225,278,348,136,232,208,359,41,117,78,357,341,277,75,89,286,149,256,260,250,69,312,63,320,345,32,299,353,187,55,109,155,327,331,230,76,1,242,183,156,252,144,243,266,104,259,151,316,22,264,311,165,314,325,358,47,288,159,199,276,304,251,167,4,184,46,334,6,53,166,354,303,255,174,275,267,39,43,162,94,146,86,216,355,217,305,161,365,362,102,306,35,20,87,310,14,333,347,128,7,34,308,218,283,202,31,82,27,138,261,139,338,37,59,258,114,79,235,77,233,131,224,206,24,160,84,154,257,150,239,168,40,51,3,186,226,180,148,73,124,15,70,171,178,18,129,126,245,340,200,64,210,143,273,12,369,121,215,253,188,268,309,54,101,279,130,120,344,234,13,323,196,110,368,192,127,185,113,111,98,342,220,337,280,360,222,201,62,132,74,346,95,329,147,197,289,49,99,52,335,116,137,56,189,302,262,58,228,351,175,367,274,153,108,350,297,133,285,324,179,48,287,38,343,246,11,195,142,85,81,36,205,191,134,42,5,135,158,19,271,295,326,318,254,68,106,212,249,332,231,221,10,181,366,157,361,213,281,44,26,61,21,103,236,92,248,65,112,173,60,93,152,164,67,9,80,263,119,123,330,96,83,269,270,17,211,229,352,91,2,240,25,0,204,8,88,291,237,284,214,16,315,29,317,90,247,319,66,198,300,163,219,293,97,356,57,177,182,125,33,209,241,169,336,115,364,193,292,190,363
321,32,107,301,320,179,183,177,94,126,141,34,100,143,290,293,198,197,144,146,322,235,182,180,334,186,37,145,134,172,283,288,39,38,224,99,359,342,30,341,7,194,349,123,250,289,338,312,135,208,91,163,291,222,274,292,343,75,93,213,367,318,275,131,211,0,61,168,187,176,337,366,365,333,347,124,233,95,137,246,159,225,121,122,249,332,299,324,150,28,300,203,49,79,70,157,62,231,193,227,271,90,195,303,129,3,251,325,84,207,363,232,313,33,360,309,296,125,216,149,140,202,148,228,101,83,167,315,223,2,310,239,240,133,165,297,88,258,345,210,215,155,153,127,65,362,209,191,351,327,152,267,364,112,116,67,206,119,114,115,117,113,354,226,185,355,356,104,80,89,4,10,253,12,305,132,16,17,8,19,20,21,22,358,82,25,335,237,36,304,9,295,43,44,219,46,204,48,66,50,51,52,190,54,55,56,57,58,59,60,173,26,73,5,308,103,71,31,236,361,269,252,109,286,328,316,42,81,319,357,285,220,139,13,294,156,14,270,323,164,306,230,214,273,302,277,282,98,330,23,192,102,188,287,105,265,142,108,92,110,111,35,339,276,27,284,169,170,96,201,264,24,268,158,47,6,329,171,184,255,130,45,128,161,242,74,243,368,346,18,41,147,245,136,174,340,217,241,138,221,244,69,205,247,248,72,353,254,218,256,257,189,259,260,261,262,263,369,106,350,229,118,76,314,317,196,64,78,86,311,68,278,279,280,281,97,238,63,200,162,336,85,199,181,40,331,352,348,212,77,15,307,53,87,1,166,29,234,326,120,151,11,154,178,266,160,344,272,298,175
176,261,299,291,210,341,156,287,297,191,148,17,169,145,337,339,312,227,290,207,32,325,170,192,89,282,161,321,237,344,146,265,187,97,111,51,112,171,99,315,276,25,239,224,65,138,218,128,273,329,319,72,133,86,279,15,274,141,246,78,107,179,212,80,264,47,88,295,204,55,77,211,108,142,308,76,217,226,342,103,345,203,185,307,100,332,134,83,22,200,85,39,220,12,57,292,222,271,254,247,310,302,304,31,348,8,28,6,53,18,172,368,255,95,275,280,365,242,162,240,164,115,216,355,174,305,149,118,356,50,230,270,250,9,70,27,206,328,58,38,195,272,347,46,127,155,59,143,364,338,73,151,75,284,54,202,93,120,82,153,61,193,106,104,352,123,361,10,184,40,252,298,144,293,154,35,189,130,150,19,215,21,180,234,209,1,238,64,49,194,34,44,63,330,45,33,219,177,79,91,173,48,294,152,122,231,132,190,175,98,248,2,346,71,84,0,260,159,363,318,3,303,74,286,322,296,288,167,362,199,124,29,334,181,129,126,289,208,213,37,69,269,228,366,140,243,253,323,333,343,281,340,116,359,182,335,109,266,14,331,324,119,178,263,241,300,258,301,68,201,369,24,309,166,158,314,311,221,102,90,268,165,251,26,43,229,92,163,283,96,349,285,236,157,313,249,367,257,267,306,160,137,114,259,197,7,62,11,327,52,20,125,326,357,42,244,139,56,66,223,23,36,353,232,131,113,183,354,350,214,41,278,320,351,336,117,198,317,136,81,121,205,147,60,101,245,256,168,30,186,316,87,196,188,105,4,262,225,360,135,5,13,358,110,94,16,235,277,67,233
176,261,299,291,68,341,156,287,45,143,148,227,92,145,320,267,174,101,290,207,32,325,181,192,264,282,2,321,237,344,331,36,187,340,111,238,64,55,99,315,52,25,360,16,65,69,42,113,117,346,319,347,133,254,298,13,274,12,87,10,180,74,84,244,85,288,235,332,337,171,253,57,112,198,213,120,362,256,272,166,54,15,53,339,137,29,210,127,98,285,219,343,351,329,206,334,263,11,186,59,243,251,203,361,129,317,358,6,233,266,172,289,255,312,125,139,185,338,19,218,164,115,216,355,316,122,281,30,107,368,230,225,247,349,77,27,1,296,90,223,252,212,236,309,61,308,189,46,72,21,73,151,75,138,48,71,194,76,114,82,95,193,80,239,38,37,211,124,226,367,63,354,102,324,5,345,134,224,51,162,26,93,182,234,154,163,31,310,150,118,34,44,168,328,286,33,273,50,79,100,336,277,177,86,131,357,136,258,175,222,231,160,132,241,43,146,190,302,363,195,318,60,179,39,335,109,228,283,35,199,197,300,301,123,140,126,365,208,3,249,229,178,305,366,280,259,333,284,330,23,103,56,66,28,350,257,303,232,183,297,322,265,188,217,157,0,356,170,364,201,369,326,268,17,250,91,311,270,184,240,130,149,128,161,276,14,352,97,153,108,342,295,9,147,269,4,20,292,307,165,200,314,159,141,221,262,62,260,327,242,202,121,304,313,323,279,248,83,246,22,88,158,306,220,70,96,204,209,214,191,169,278,81,119,353,205,142,8,155,40,215,144,7,41,49,58,348,245,24,152,89,67,196,167,105,18,106,293,173,135,47,294,104,110,94,116,78,271,359,275
176,4,299,291,210,341,156,209,128,181,91,80,159,157,320,312,142,252,290,207,32,325,219,141,89,205,161,321,237,349,369,154,187,102,124,51,140,13,164,216,208,96,350,197,65,191,218,37,117,215,319,277,133,135,288,15,36,362,33,199,292,179,0,344,137,47,139,295,242,55,358,81,264,189,323,183,353,220,214,198,221,203,121,116,100,332,97,333,98,200,10,245,314,258,57,92,112,281,254,247,310,129,115,313,160,317,250,357,167,18,180,66,351,95,26,233,365,131,23,244,107,326,88,355,174,40,149,118,356,146,182,14,367,300,70,211,279,328,58,38,108,308,74,27,127,155,273,72,9,270,73,231,360,284,318,143,93,213,162,153,61,363,343,104,293,257,30,327,222,201,334,123,144,109,25,196,5,265,354,19,267,21,69,234,86,46,238,64,260,194,235,132,63,330,45,50,119,85,79,67,311,177,315,152,122,130,261,31,175,22,248,134,346,71,84,185,256,68,193,2,158,303,243,286,272,11,186,29,364,78,241,240,274,3,366,83,297,48,184,246,172,12,276,59,368,111,249,39,76,90,44,24,106,226,266,204,120,347,17,54,60,322,337,251,113,168,169,170,352,342,271,166,190,255,329,87,230,126,20,148,110,195,335,52,28,101,138,223,43,339,306,178,289,35,361,236,253,145,278,338,263,165,227,8,301,7,114,217,147,304,224,150,16,49,239,262,359,336,163,105,345,268,269,136,62,324,229,82,275,298,259,34,75,280,228,188,283,6,285,99,287,202,206,302,151,305,316,348,212,53,56,307,294,282,192,232,103,41,173,331,42,296,77,225,94,309,1,340,171,125
176,261,299,291,285,341,156,145,19,214,217,233,109,111,110,276,162,268,23,15,32,325,308,141,365,158,161,321,108,344,183,20,255,167,300,51,39,87,99,315,364,25,48,320,65,202,112,134,180,228,12,92,283,106,350,363,155,81,146,89,107,188,260,147,264,56,168,154,100,348,358,47,13,354,27,332,353,142,311,198,333,157,293,8,343,166,30,349,66,172,143,149,271,310,123,216,41,3,26,184,22,50,215,208,190,54,16,95,239,113,130,243,213,148,232,328,338,49,226,286,181,319,266,355,329,280,124,272,164,210,347,76,58,367,165,219,253,305,282,24,127,360,318,309,78,83,207,301,218,292,67,103,34,366,194,262,236,199,211,234,0,247,40,238,96,197,97,139,169,237,104,331,259,11,295,122,173,322,369,163,195,201,10,279,117,265,359,138,91,133,28,44,324,241,37,362,317,345,52,151,339,150,77,152,224,192,46,59,175,68,357,2,186,209,84,140,227,159,230,313,136,248,74,316,277,250,86,93,200,79,29,63,256,21,120,252,296,189,174,334,298,288,60,263,336,273,231,38,14,31,178,340,118,244,193,335,274,18,9,326,302,303,242,42,121,342,287,246,249,275,135,297,306,185,61,312,4,267,144,278,240,290,327,35,137,284,82,258,235,101,115,225,45,221,126,43,289,203,153,69,128,73,177,307,254,80,88,6,212,132,361,222,314,90,304,220,251,187,171,62,182,330,269,270,17,294,229,352,125,33,98,223,64,356,323,205,36,191,72,119,170,257,102,116,7,245,179,160,70,368,85,57,196,281,105,204,129,346,351,75,55,71,337,114,94,5,53,1,206,131
321,32,107,301,320,280,183,177,64,126,141,156,100,143,290,293,198,262,354,146,111,235,269,180,334,186,326,145,134,172,283,276,188,162,224,23,196,317,30,63,255,194,297,123,206,142,338,312,135,208,339,39,291,222,78,292,343,75,93,213,261,318,275,131,211,284,281,168,187,176,337,279,365,45,347,124,158,95,137,246,159,225,241,85,278,332,299,324,150,28,96,260,49,79,70,86,62,192,193,227,271,90,195,303,359,3,251,325,84,207,171,232,368,33,360,309,147,15,216,221,140,346,148,228,101,27,167,315,223,2,310,239,240,133,136,102,6,258,345,210,215,155,153,127,65,362,209,352,351,327,152,98,364,18,116,67,118,119,205,115,74,113,264,226,185,355,356,104,80,342,4,10,253,12,305,132,16,17,8,19,20,69,22,358,82,25,335,237,68,304,9,295,55,44,219,46,204,48,66,50,51,256,190,54,230,238,57,58,353,128,173,26,92,5,308,103,71,31,245,361,76,252,302,286,328,316,42,81,319,203,285,220,7,14,59,83,13,329,323,277,229,43,72,366,242,350,217,138,330,266,231,336,163,243,247,257,289,108,73,349,322,287,91,97,161,0,169,170,36,201,34,24,182,189,233,314,311,363,184,218,130,333,60,35,288,117,296,174,202,112,369,265,236,157,313,249,367,270,267,306,248,21,114,259,197,263,294,11,214,52,250,125,37,357,38,160,139,144,88,99,191,110,268,94,89,129,165,274,41,121,300,340,273,179,61,109,56,341,200,282,106,122,199,181,40,331,149,348,212,77,47,307,53,87,1,166,29,234,164,120,151,254,154,178,105,244,344,272,298,175
176,261,299,291,68,341,156,287,45,143,148,227,92,145,320,267,174,101,290,207,32,325,181,192,264,282,2,321,237,344,331,36,187,340,111,238,64,55,99,315,52,25,360,16,65,69,42,113,117,346,319,347,133,254,24,177,274,18,86,10,190,74,43,244,85,288,235,332,348,171,253,57,112,198,213,120,136,256,272,166,67,15,53,339,137,29,210,127,98,285,219,343,351,329,206,334,263,11,186,59,243,251,203,361,129,317,358,6,233,266,172,106,255,312,125,139,185,338,19,218,164,115,216,355,316,131,173,30,107,368,230,132,247,175,77,27,1,296,258,223,252,212,236,309,61,308,189,46,72,21,73,151,75,138,48,241,194,76,114,82,95,193,80,239,38,37,211,124,89,367,63,354,102,324,5,345,134,224,51,162,26,93,182,234,154,163,195,310,150,118,34,44,196,328,286,33,273,50,79,100,336,160,294,152,122,353,362,90,349,232,103,277,225,71,84,248,180,357,270,31,318,60,179,245,335,109,228,283,35,199,197,300,301,123,140,126,365,208,47,167,229,178,305,366,280,259,333,284,330,23,231,56,66,28,350,257,303,222,183,297,322,265,188,217,157,0,356,170,364,201,369,326,268,17,250,91,311,363,184,240,130,149,128,161,276,14,352,97,153,108,342,295,9,147,269,4,20,292,307,165,200,314,159,141,221,262,62,260,327,242,202,121,304,313,323,279,146,83,246,22,88,158,306,220,70,96,204,209,214,191,169,278,81,119,302,205,142,8,155,40,215,144,7,41,49,58,337,39,298,87,226,54,168,249,105,12,289,293,281,135,3,13,104,110,94,116,78,271,359,275
176,104,299,81,210,135,156,138,193,181,354,80,288,157,320,79,145,322,290,207,32,261,219,301,192,183,84,321,66,20,369,242,71,238,111,327,158,172,99,69,194,87,355,109,65,231,35,307,117,208,227,16,233,330,2,15,270,114,178,78,0,250,22,357,264,217,170,213,292,68,304,366,365,218,216,360,302,6,163,147,272,283,121,367,100,221,153,303,212,200,103,37,225,102,362,298,262,281,254,274,310,159,140,312,154,359,184,325,331,122,97,18,182,316,124,305,324,185,11,240,255,349,285,168,230,246,167,209,313,9,47,171,282,12,107,289,260,306,249,149,108,308,347,340,297,155,286,89,341,123,280,58,33,8,136,24,128,356,364,141,88,28,113,239,202,284,351,10,273,222,278,214,56,293,5,318,329,130,334,19,294,269,180,41,259,1,345,64,49,215,162,44,134,177,45,75,263,48,241,119,85,173,151,53,319,187,57,175,152,40,98,62,252,346,148,237,276,161,363,195,67,205,247,344,267,25,235,93,132,63,206,61,82,21,277,43,296,189,174,92,38,34,129,248,86,17,336,314,257,60,236,199,14,144,73,46,323,116,133,361,127,265,251,342,220,27,287,337,118,29,137,165,326,332,166,232,106,95,258,203,224,52,295,234,125,229,352,126,54,188,328,139,142,59,146,31,51,72,317,339,197,244,90,358,23,243,333,315,198,91,74,335,120,291,256,112,300,42,55,275,191,268,343,223,271,350,150,4,186,190,253,338,13,131,26,96,39,311,83,211,36,169,348,279,7,245,179,160,70,368,30,76,196,101,105,204,77,143,164,50,3,201,353,110,94,309,226,115,266,228
105,244,181,294,140,9,319,352,295,301,269,5,183,126,25,321,254,335,348,74,232,308,307,87,206,196,86,145,316,247,322,89,106,281,122,103,118,162,130,257,154,76,12,123,274,230,7,3,18,329,333,205,172,275,350,326,67,237,28,324,102,367,95,222,153,340,171,55,343,166,151,229,23,302,249,276,90,358,114,318,327,77,121,236,218,81,345,270,127,167,1,242,314,192,182,309,189,101,339,38,310,69,165,198,158,248,197,6,129,98,238,289,347,304,29,235,60,136,200,298,210,52,216,245,223,291,364,147,356,50,359,208,15,47,164,211,285,280,108,220,113,31,34,146,191,139,142,96,159,271,203,170,260,30,66,262,131,26,214,341,117,224,303,190,185,293,201,239,325,41,134,264,251,157,13,14,16,286,83,19,20,39,292,267,311,88,332,107,36,61,207,42,43,366,351,68,184,48,10,64,128,186,53,272,78,56,57,58,176,209,317,234,135,187,334,361,290,199,360,259,44,168,92,65,156,320,133,250,194,357,54,354,213,70,93,110,180,195,323,104,132,344,51,141,94,219,255,240,330,204,231,297,163,17,202,85,261,313,73,32,328,265,365,282,49,120,362,22,46,0,369,277,143,188,279,40,353,33,312,338,227,355,160,278,155,11,62,217,256,2,349,148,59,161,228,288,100,241,97,363,226,221,152,124,115,111,138,315,137,112,125,71,84,193,175,63,263,75,27,266,296,99,306,233,109,21,169,273,179,252,4,174,72,258,268,173,300,150,284,346,305,35,253,80,225,91,178,116,144,337,299,331,8,82,368,149,177,283,246,212,119,45,342,336,79,37,287,215,24,243
357,32,176,301,290,33,156,138,340,195,282,119,142,50,320,92,291,197,202,343,207,329,182,180,181,183,80,23,336,172,278,44,36,38,145,352,222,162,158,272,296,147,55,249,42,330,279,312,226,251,231,341,344,15,210,292,177,20,214,208,367,72,238,131,347,129,173,199,187,319,337,366,18,218,24,144,318,300,163,362,221,120,121,201,288,332,321,25,212,26,220,74,161,102,159,200,313,281,350,247,150,57,309,353,348,227,135,236,116,338,155,123,108,151,7,223,141,103,73,339,59,369,13,306,117,167,286,39,305,284,225,315,335,19,304,368,316,0,128,133,34,308,211,149,89,4,82,230,256,365,139,166,37,27,258,327,79,235,77,233,349,224,206,216,160,1,17,10,174,31,252,346,114,171,5,345,307,209,184,65,328,137,98,234,246,317,205,263,179,194,2,250,244,277,127,143,81,48,29,91,354,293,294,53,168,189,140,310,361,60,61,62,90,64,148,245,67,297,170,356,71,239,257,311,46,322,9,334,363,76,43,107,204,268,47,105,217,269,314,267,106,49,51,295,219,96,264,115,326,153,113,22,191,122,261,14,93,41,299,178,287,152,21,16,126,63,254,85,56,58,360,165,97,164,78,68,242,134,331,203,193,248,192,285,125,273,241,86,358,266,270,323,240,111,186,112,30,110,232,243,118,100,40,355,289,45,253,359,237,12,101,265,364,109,28,198,342,255,83,333,303,8,146,136,271,324,229,274,275,298,259,185,75,280,228,188,283,6,190,99,169,87,262,302,66,54,260,104,325,154,3,351,88,35,95,52,196,215,132,84,213,11,124,157,130,70,276,69,94,175
176,4,299,291,210,341,156,190,31,181,366,80,170,157,320,126,142,368,290,207,32,325,219,141,89,205,161,321,237,349,369,154,187,102,111,199,140,13,164,216,329,96,350,197,65,191,218,113,117,215,319,277,133,135,195,15,36,364,33,78,292,179,0,344,137,47,168,359,39,55,304,81,158,189,323,183,90,220,342,198,221,203,121,116,100,332,249,333,98,200,10,29,314,258,57,306,112,101,254,247,310,129,115,313,160,317,28,357,337,18,180,66,351,95,338,233,362,131,23,240,255,326,263,355,223,40,148,118,340,146,182,14,367,300,70,211,124,328,58,114,108,308,74,97,127,155,59,72,9,270,213,231,360,284,318,202,93,120,162,153,184,363,343,239,345,69,253,327,222,201,252,123,246,109,25,293,5,265,336,19,267,165,172,234,86,46,238,288,49,52,186,44,63,330,45,50,119,85,107,91,311,48,315,150,145,130,261,12,175,22,273,134,346,71,266,185,43,68,193,2,3,303,132,147,279,11,235,167,365,51,272,244,56,264,208,241,128,67,242,37,214,227,256,248,139,83,226,88,257,353,347,196,60,295,38,245,73,243,17,356,62,192,250,174,92,334,287,159,54,76,106,297,209,79,177,143,230,312,20,251,225,64,335,194,204,281,138,149,166,339,144,178,289,35,361,236,30,122,278,26,61,21,276,8,301,7,84,217,286,358,224,152,16,260,104,262,27,354,163,105,352,268,269,136,271,324,229,82,275,298,259,34,75,280,228,188,283,6,285,99,169,87,206,302,151,305,316,348,212,53,274,307,294,282,322,232,103,41,173,331,42,296,77,110,94,309,1,24,171,125
176,261,299,10,2,148,156,138,34,355,82,80,276,203,320,79,291,224,144,74,0,53,197,301,181,183,90,143,227,172,174,288,37,38,145,160,206,126,228,272,194,356,146,249,250,233,179,312,368,251,340,341,344,166,210,292,346,134,33,213,345,231,130,131,211,129,123,199,187,99,337,366,365,218,153,360,364,300,163,362,221,120,121,243,100,332,321,303,212,283,244,77,314,102,60,208,198,281,265,128,310,159,111,108,70,351,154,325,331,122,97,238,7,245,124,127,324,185,11,296,255,349,30,196,223,240,167,177,3,9,47,171,175,12,107,17,315,267,239,132,335,184,282,309,193,225,101,191,207,327,149,151,343,115,280,152,118,27,200,226,117,178,317,78,95,354,241,334,329,155,110,338,262,112,209,189,141,119,6,19,104,21,22,133,263,16,150,88,116,40,41,235,43,44,219,46,204,48,66,50,51,52,63,289,55,290,222,58,59,57,173,26,73,5,308,103,71,31,236,29,287,252,109,286,328,316,42,81,319,357,285,220,139,13,294,318,14,270,279,164,306,230,214,273,302,277,56,65,330,23,190,297,39,259,350,32,54,323,92,336,322,76,339,98,83,284,169,170,68,201,369,24,268,15,158,75,61,114,305,85,140,363,28,35,49,359,232,217,45,298,342,295,168,257,186,4,20,157,307,192,8,69,87,247,248,93,253,313,333,256,106,258,278,254,86,72,242,264,136,266,352,182,269,347,271,147,94,274,275,304,96,67,361,260,237,205,142,25,64,367,180,234,202,229,161,162,348,216,326,84,89,215,165,188,105,18,113,293,36,135,353,137,358,246,195,62,1,91,311,125
